"Name","Team","W","L","SV","G","GS","IP","K/9","BB/9","HR/9","BABIP","LOB%","GB%","HR/FB","vFA (pi)","ERA","xERA","FIP","xFIP","WAR","playerid"
"Carlos Rodon","SFG","12","6","0","25","25","147.1","11.55","2.50","0.55",".294","75.8%","36.5%","5.8%","95.6","2.81","2.71","2.25","2.99","5.1","16137"
"Kevin Gausman","TOR","9","9","0","24","24","134.1","10.38","1.47","0.47",".373","72.4%","38.8%","5.1%","94.9","3.15","3.50","2.01","2.81","5.1","14107"
"Sandy Alcantara","MIA","12","6","0","26","26","185.2","8.10","2.23","0.48",".257","78.7%","54.3%","6.6%","97.9","2.13","2.82","2.87","3.36","4.9","18684"
"Aaron Nola","PHI","9","10","0","25","25","166.2","9.99","1.19","0.86",".282","74.7%","43.5%","9.7%","92.9","3.08","2.61","2.68","2.88","4.8","16149"
"Justin Verlander","HOU","16","3","0","23","23","149.0","8.94","1.51","0.72",".234","80.4%","38.6%","7.2%","95.1","1.87","2.73","2.77","3.36","4.6","8700"
"Max Fried","ATL","12","4","0","24","24","153.1","8.22","1.53","0.47",".285","76.6%","51.4%","6.4%","94.1","2.52","2.82","2.54","3.06","4.5","13743"
"Shohei Ohtani","LAA","11","8","0","22","22","128.0","12.38","2.32","0.98",".303","82.6%","39.3%","11.4%","97.4","2.67","2.91","2.59","2.58","4.0","19755"
"Shane Bieber","CLE","8","7","0","24","24","152.0","9.06","1.89","0.65",".298","73.2%","47.5%","8.5%","91.4","3.02","3.38","2.72","3.04","4.0","19427"
"Shane McClanahan","TBR","11","5","0","24","24","147.1","11.12","1.83","0.92",".248","81.7%","52.3%","15.8%","97.0","2.20","2.55","2.65","2.27","3.8","21483"
"Max Scherzer","NYM","9","3","0","18","18","115.2","10.66","1.63","0.70",".283","81.8%","29.0%","6.1%","94.0","2.33","2.91","2.57","3.43","3.7","3137"
"Zack Wheeler","PHI","11","7","0","23","23","138.0","9.65","2.15","0.78",".293","75.4%","44.1%","9.5%","96.0","3.07","3.14","2.98","3.19","3.6","10310"
"Spencer Strider","ATL","8","4","0","27","16","106.2","13.33","3.21","0.51",".293","73.6%","39.4%","6.7%","98.1","2.87","2.63","2.05","2.54","3.6","27498"
"Corbin Burnes","MIL","9","6","0","25","25","152.1","11.23","2.48","1.00",".255","79.0%","44.3%","12.6%","96.2","2.84","2.95","3.13","2.97","3.5","19361"
"Dylan Cease","CHW","12","6","0","25","25","139.0","11.78","3.95","0.78",".283","80.8%","40.6%","8.9%","97.0","2.27","2.76","2.99","3.29","3.4","18525"
"Merrill Kelly","ARI","11","5","0","26","26","157.2","7.71","2.74","0.57",".275","75.9%","44.3%","6.2%","92.4","2.97","3.21","3.19","3.87","3.4","11156"
"Yu Darvish","SDP","11","7","0","24","24","155.2","8.85","1.68","0.98",".262","74.9%","39.1%","9.8%","95.2","3.41","3.66","3.33","3.55","3.3","13074"
"Framber Valdez","HOU","13","4","0","24","24","156.0","8.19","3.23","0.40",".270","77.3%","67.5%","11.1%","94.0","2.65","3.33","3.18","3.18","3.2","17295"
"Tyler Anderson","LAD","13","2","0","24","22","140.2","7.10","1.92","0.64",".258","77.2%","39.0%","5.8%","90.7","2.69","3.14","3.26","4.12","3.2","12880"
"Gerrit Cole","NYY","10","6","0","26","26","157.2","11.42","2.23","1.26",".273","78.5%","43.6%","14.5%","97.8","3.31","3.00","3.18","2.78","3.2","13125"
"Alek Manoah","TOR","12","7","0","25","25","155.2","8.50","2.25","0.81",".257","79.7%","37.6%","8.2%","94.0","2.60","3.61","3.43","3.86","3.1","26410"
"Logan Webb","SFG","11","7","0","26","26","159.1","7.34","2.54","0.56",".292","72.0%","58.4%","9.3%","92.5","3.33","3.69","3.27","3.44","3.0","17995"
"Martin Perez","TEX","10","4","0","25","25","154.0","8.12","2.92","0.64",".282","78.2%","51.4%","8.1%","92.9","2.69","3.33","3.32","3.68","3.0","6902"
"Luis Castillo","- - -","5","5","0","19","19","116.2","9.95","2.78","0.77",".269","77.8%","45.8%","10.5%","97.0","2.85","3.30","3.11","3.19","2.9","15689"
"Patrick Sandoval","LAA","4","9","0","21","21","115.0","9.39","3.91","0.47",".323","75.8%","46.1%","6.0%","93.1","3.05","4.13","3.15","3.75","2.9","19447"
"Joe Musgrove","SDP","8","6","0","23","23","142.2","8.71","1.83","1.01",".273","77.0%","46.1%","11.7%","92.9","2.96","3.21","3.47","3.42","2.9","12970"
"Zac Gallen","ARI","9","2","0","24","24","138.2","8.96","2.47","0.71",".244","77.3%","48.5%","9.0%","93.9","2.66","3.43","3.25","3.50","2.9","19291"
"Tarik Skubal","DET","7","8","0","21","21","117.2","8.95","2.45","0.69",".299","67.5%","45.7%","7.9%","94.2","3.52","3.33","2.97","3.40","2.8","22267"
"Julio Urias","LAD","13","7","0","24","24","133.2","8.75","1.82","1.08",".244","82.3%","38.7%","9.9%","93.2","2.36","2.76","3.45","3.67","2.8","14765"
"Nestor Cortes","NYY","9","4","0","23","23","131.0","9.14","2.06","1.10",".240","83.3%","32.7%","9.5%","91.7","2.68","2.80","3.42","3.70","2.6","17874"
"Justin Steele","CHC","4","7","0","24","24","119.0","9.53","3.78","0.61",".317","72.6%","51.2%","8.7%","92.4","3.18","3.58","3.22","3.48","2.6","17312"
"Jose Quintana","- - -","4","6","0","25","25","127.2","7.61","2.96","0.56",".312","71.8%","45.6%","6.7%","91.2","3.45","4.24","3.28","3.83","2.5","11423"
"Miles Mikolas","STL","10","10","0","26","26","164.0","6.64","1.59","0.99",".252","71.9%","45.5%","10.6%","93.6","3.35","3.74","3.72","3.81","2.5","9803"
"Corey Kluber","TBR","8","7","0","24","24","128.2","7.97","1.26","1.05",".306","69.3%","35.6%","9.1%","89.1","4.20","3.93","3.50","3.86","2.5","2429"
"Tony Gonsolin","LAD","16","1","0","23","23","128.1","8.14","2.45","0.77",".201","84.3%","43.2%","8.3%","93.2","2.10","3.11","3.34","3.73","2.5","19388"
"Ross Stripling","TOR","6","3","1","25","17","95.0","7.58","1.52","0.57",".279","72.1%","48.6%","6.0%","91.9","2.84","3.56","2.80","3.52","2.5","13273"
"Alex Cobb","SFG","4","6","0","21","21","111.0","9.32","2.68","0.65",".331","66.0%","61.2%","12.5%","95.2","3.81","3.16","2.94","2.84","2.5","6562"
"Edwin Diaz","NYM","3","1","28","51","0","51.1","17.36","2.81","0.53",".354","91.3%","48.8%","11.5%","99.2","1.40","1.64","1.02","1.00","2.5","14710"
"Kyle Wright","ATL","16","5","0","24","24","147.2","8.78","2.50","0.98",".281","80.5%","53.3%","13.9%","95.1","2.99","3.90","3.56","3.29","2.4","19665"
"Chris Bassitt","NYM","11","7","0","24","24","148.1","8.43","2.24","0.91",".284","77.2%","49.4%","10.7%","93.3","3.34","3.21","3.54","3.60","2.4","12304"
"Brandon Woodruff","MIL","9","3","0","20","20","108.2","10.93","2.65","1.08",".293","76.1%","35.6%","10.7%","96.4","3.31","3.48","3.22","3.31","2.4","16162"
"Jordan Montgomery","- - -","7","3","0","26","26","145.1","7.74","1.67","0.99",".265","76.9%","48.0%","12.2%","92.8","3.28","3.90","3.56","3.45","2.3","16511"
"Adam Wainwright","STL","9","9","0","25","25","156.1","7.25","2.48","0.81",".281","79.1%","45.8%","9.0%","88.4","3.11","4.18","3.62","3.91","2.3","2233"
"Clayton Kershaw","LAD","7","3","0","15","15","85.1","9.28","1.58","0.74",".277","74.8%","48.5%","9.0%","90.8","2.64","2.65","2.73","3.00","2.3","2036"
"Drew Rasmussen","TBR","9","4","0","22","22","110.2","8.05","2.20","0.73",".267","75.6%","46.3%","8.7%","95.8","2.77","3.66","3.21","3.51","2.2","25385"
"Triston McKenzie","CLE","9","10","0","24","23","147.2","8.65","2.26","1.28",".227","79.8%","31.8%","11.1%","92.6","3.17","3.77","3.90","3.93","2.2","18000"
"Brady Singer","KCR","7","4","0","21","18","117.0","9.23","2.23","1.08",".291","80.1%","46.4%","13.3%","92.4","3.15","3.71","3.55","3.31","2.2","25377"
"Tyler Mahle","- - -","6","7","0","22","22","118.2","9.56","3.26","1.14",".275","70.7%","36.2%","10.1%","93.4","4.17","3.35","3.78","3.98","2.2","16358"
"Cristian Javier","HOU","7","9","0","24","19","115.1","11.71","3.20","1.17",".239","83.2%","24.9%","9.9%","93.9","2.97","2.63","3.44","3.68","2.2","17606"
"JT Brubaker","PIT","3","11","0","24","24","127.0","9.35","3.33","0.92",".334","69.1%","44.2%","10.2%","93.0","4.39","4.36","3.65","3.79","2.2","17578"
"Logan Gilbert","SEA","10","5","0","26","26","149.2","8.00","2.47","1.02",".298","76.4%","35.5%","9.7%","96.0","3.49","4.30","3.73","3.96","2.1","22250"
"George Kirby","SEA","5","3","0","18","18","97.2","9.40","1.20","1.11",".331","77.9%","45.3%","10.7%","95.5","3.32","3.30","3.19","3.27","2.1","25436"
"Blake Snell","SDP","5","7","0","17","17","87.0","12.00","3.93","0.93",".330","71.2%","37.0%","9.9%","95.7","4.24","3.38","3.15","3.33","2.1","13543"
"Pablo Lopez","MIA","8","8","0","25","25","140.0","8.74","2.70","1.03",".282","74.5%","45.7%","12.4%","93.1","3.66","3.90","3.72","3.58","2.0","17085"
"Jeffrey Springs","TBR","6","4","0","26","18","101.0","9.80","2.05","1.07",".293","81.9%","43.0%","11.7%","91.7","2.76","3.45","3.17","3.12","2.0","17677"
"Ryan Helsley","STL","8","1","12","41","0","50.2","13.14","2.31","0.53",".183","90.3%","35.8%","6.3%","99.4","0.89","1.93","1.74","2.36","2.0","18138"
"Frankie Montas","- - -","4","10","0","23","23","124.1","8.90","2.53","1.01",".298","69.9%","46.3%","12.2%","96.3","3.84","3.96","3.55","3.44","2.0","14309"
"Ranger Suarez","PHI","8","5","0","22","22","120.0","7.65","3.38","0.75",".294","73.8%","55.8%","10.8%","93.4","3.38","3.58","3.68","3.73","2.0","17277"
"Nick Pivetta","BOS","9","9","0","25","25","142.1","8.79","3.22","1.14",".294","74.3%","37.7%","10.5%","93.5","4.24","4.27","4.00","4.12","2.0","15454"
"Sonny Gray","MIN","7","4","0","20","20","100.2","8.85","2.86","0.80",".269","77.6%","43.8%","9.3%","92.2","3.04","3.69","3.42","3.67","2.0","12768"
"A.J. Minter","ATL","5","3","5","58","0","53.2","11.74","1.51","0.34",".301","74.7%","38.2%","3.7%","96.6","2.18","2.23","1.67","2.66","1.9","18655"
"Emmanuel Clase","CLE","2","3","30","57","0","53.2","9.56","1.01","0.34",".206","74.5%","63.4%","7.4%","","1.17","1.81","1.82","2.07","1.9","21032"
"Carlos Carrasco","NYM","13","5","0","23","23","126.1","8.83","2.35","1.07",".330","77.3%","46.3%","12.6%","93.4","3.92","4.18","3.66","3.49","1.8","6632"
"Reynaldo Lopez","CHW","5","3","0","46","1","50.2","9.59","1.42","0.00",".321","62.3%","43.2%","0.0%","97.1","3.02","2.82","1.53","2.80","1.8","16400"
"Kyle Gibson","PHI","9","5","0","25","25","139.0","7.38","2.46","1.10",".279","71.6%","46.1%","12.1%","92.1","4.08","4.21","4.09","3.98","1.8","10123"
"Jon Gray","TEX","7","6","0","19","19","103.1","10.10","2.96","1.05",".286","71.2%","43.4%","12.6%","96.0","3.83","3.56","3.49","3.33","1.8","14916"
"Taijuan Walker","NYM","10","3","0","22","22","117.1","6.75","2.68","0.77",".279","76.5%","46.2%","8.6%","93.9","3.38","4.24","3.76","4.10","1.8","11836"
"Charlie Morton","ATL","6","5","0","25","25","140.1","10.77","3.21","1.28",".290","75.3%","39.4%","14.8%","95.0","4.10","3.93","3.97","3.53","1.7","4676"
"Garrett Whitlock","BOS","3","2","6","26","9","71.1","9.08","1.64","0.88",".258","74.3%","42.0%","9.3%","96.1","2.90","3.04","2.97","3.23","1.7","20191"
"Cole Irvin","OAK","6","11","0","23","23","142.1","6.20","1.64","1.07",".247","75.1%","38.7%","9.3%","90.9","3.16","4.36","3.89","4.21","1.7","19244"
"Michael King","NYY","6","3","1","34","0","51.0","11.65","2.82","0.53",".281","76.9%","47.0%","9.1%","96.5","2.29","2.82","2.24","2.43","1.7","19853"
"Devin Williams","MIL","4","3","8","53","0","48.0","14.06","4.31","0.38",".270","78.4%","47.3%","7.4%","94.3","1.88","2.12","2.04","2.32","1.6","15816"
"Freddy Peralta","MIL","4","3","0","13","13","63.1","9.95","3.27","0.57",".256","68.8%","42.3%","6.3%","93.0","3.69","3.00","2.97","3.63","1.6","18679"
"Noah Syndergaard","- - -","8","8","0","19","19","105.0","6.60","2.23","0.94",".286","74.0%","42.9%","8.7%","94.5","3.77","4.39","3.88","4.29","1.6","11762"
"Johnny Cueto","CHW","6","6","0","19","18","123.2","5.60","1.96","0.95",".278","79.5%","44.3%","8.8%","91.6","2.98","3.93","4.00","4.38","1.6","6893"
"Jameson Taillon","NYY","12","4","0","25","25","138.2","7.46","1.56","1.36",".273","75.8%","41.8%","13.1%","94.1","3.89","4.15","4.04","3.76","1.6","11674"
"Kyle Freeland","COL","7","9","0","25","25","142.0","6.40","2.79","1.08",".308","68.9%","41.7%","10.6%","90.4","4.88","5.12","4.51","4.61","1.6","16256"
"John Schreiber","BOS","3","3","5","50","0","52.1","10.32","2.06","0.34",".256","72.0%","57.6%","5.3%","94.7","2.24","2.22","2.25","2.81","1.6","20020"
"Evan Phillips","LAD","5","3","2","50","0","49.2","10.51","2.17","0.36",".202","79.5%","42.2%","4.3%","96.1","1.27","2.29","2.16","2.99","1.6","17734"
"Luis Garcia","HOU","11","8","0","23","23","128.1","9.26","2.81","1.40",".270","71.0%","36.3%","13.1%","94.1","4.14","3.61","4.05","3.77","1.6","23735"
"Robbie Ray","SEA","10","8","0","25","25","148.2","10.47","3.21","1.45",".276","79.8%","41.3%","16.0%","93.6","3.75","3.50","4.07","3.45","1.5","11486"
"Alex Wood","SFG","8","11","0","25","25","126.0","9.00","2.07","1.21",".313","64.9%","48.4%","14.7%","90.6","5.00","3.96","3.83","3.43","1.5","13781"
"Mitch Keller","PIT","4","10","0","24","22","118.0","7.40","3.36","0.84",".333","69.0%","49.5%","10.3%","95.7","4.50","4.45","3.99","4.11","1.5","17594"
"Jordan Lyles","BAL","9","9","0","26","26","145.2","7.48","2.78","1.24",".330","73.8%","39.3%","10.4%","92.0","4.45","4.79","4.30","4.45","1.5","7593"
"Dean Kremer","BAL","6","4","0","15","15","83.1","6.70","1.94","0.76",".313","78.0%","37.6%","6.9%","93.5","3.24","4.51","3.52","4.22","1.5","19350"
"Trevor Stephan","CLE","4","3","2","49","0","49.1","11.68","2.19","0.36",".352","76.9%","46.0%","4.7%","96.8","2.37","2.11","1.91","2.66","1.5","19932"
"Seranthony Dominguez","PHI","6","4","9","46","0","44.0","11.05","2.86","0.41",".245","86.4%","49.0%","6.1%","97.7","1.64","2.78","2.28","2.79","1.4","19249"
"Jason Adam","TBR","1","2","7","55","0","51.2","10.80","1.92","0.52",".178","88.8%","41.3%","6.4%","95.2","1.22","1.96","2.41","2.99","1.4","11861"
"Taylor Rogers","- - -","2","6","29","52","0","51.1","11.05","1.93","0.53",".320","60.2%","42.0%","6.1%","94.3","4.38","3.90","2.60","3.24","1.4","13449"
"Andres Munoz","SEA","2","5","3","51","0","52.0","14.19","2.42","0.87",".320","73.9%","49.0%","14.3%","100.2","2.94","1.76","2.20","1.94","1.4","20373"
"Graham Ashcraft","CIN","5","3","0","16","16","93.0","6.19","2.23","0.87",".305","73.3%","54.8%","11.8%","97.2","3.97","3.85","3.94","3.88","1.4","27552"
"Michael Wacha","BOS","9","1","0","16","16","89.0","6.98","2.53","0.91",".234","82.5%","40.5%","9.5%","93.4","2.53","4.42","3.83","4.08","1.4","14078"
"Antonio Senzatela","COL","3","7","0","19","19","92.1","5.26","2.24","0.88",".383","70.4%","49.4%","11.3%","94.3","5.07","5.26","4.07","4.07","1.4","15488"
"Jesus Luzardo","MIA","3","5","0","11","11","59.1","10.47","3.49","0.76",".232","69.8%","42.3%","9.6%","96.7","3.34","3.04","3.06","3.25","1.4","19959"
"Joe Ryan","MIN","10","6","0","21","21","113.1","8.97","2.70","1.35",".254","78.0%","27.6%","10.1%","91.9","3.65","3.71","4.19","4.41","1.4","21390"
"Anthony Bass","- - -","3","3","0","57","0","55.2","9.22","2.26","0.49",".255","84.0%","42.4%","5.6%","95.0","1.46","2.78","2.53","3.25","1.4","7982"
"Reid Detmers","LAA","5","4","0","20","20","103.2","8.59","3.39","1.13",".255","78.8%","37.4%","11.4%","93.3","3.47","4.10","4.15","4.13","1.3","27468"
"Lucas Giolito","CHW","10","7","0","23","23","122.2","9.90","3.38","1.39",".357","70.1%","38.3%","14.2%","93.0","5.14","4.13","4.09","3.67","1.3","15474"
"Cal Quantrill","CLE","10","5","0","24","24","143.0","5.92","2.39","1.07",".270","74.9%","41.0%","10.2%","93.7","3.59","4.39","4.32","4.49","1.3","19312"
"Marcus Stroman","CHC","3","6","0","18","18","96.2","7.82","2.51","1.12",".284","66.2%","50.5%","15.2%","92.9","4.10","4.48","3.84","3.42","1.3","13431"
"David Bednar","PIT","3","4","17","40","0","46.2","12.15","2.70","0.77",".302","72.7%","33.0%","8.7%","96.7","2.70","3.07","2.50","2.83","1.3","19569"
"Scott Effross","- - -","1","4","2","55","1","52.1","9.97","2.24","0.52",".292","63.7%","43.1%","5.8%","90.9","2.75","2.31","2.40","3.11","1.3","18384"
"Erik Swanson","SEA","2","0","3","43","1","41.0","11.20","1.54","0.44",".266","96.3%","30.9%","4.4%","93.9","0.88","2.35","1.86","2.83","1.3","16587"
"Drew Smyly","CHC","5","7","0","18","18","89.0","7.38","2.02","1.21",".284","80.7%","39.6%","10.3%","","3.24","4.10","4.05","4.22","1.3","11760"
"Ryan Pressly","HOU","3","3","25","39","0","37.2","10.99","2.15","0.48",".279","65.2%","44.2%","7.4%","94.4","3.11","2.73","2.09","2.45","1.2","7005"
"Hector Neris","HOU","4","4","2","55","0","52.1","10.15","2.41","0.34",".281","64.6%","33.8%","3.4%","94.4","3.61","3.45","2.46","3.58","1.2","11804"
"Joe Jimenez","DET","3","2","1","54","0","49.2","12.32","2.17","0.54",".316","66.9%","33.9%","5.8%","95.9","3.26","2.89","1.90","2.64","1.2","15761"
"Sean Manaea","SDP","7","6","0","23","23","130.0","9.14","3.12","1.52",".289","68.2%","38.8%","14.3%","","4.64","4.13","4.38","3.91","1.2","15873"
"Brooks Raley","TBR","1","1","6","48","0","43.2","10.92","2.27","0.21",".262","74.0%","35.5%","2.6%","91.0","2.27","2.39","2.16","3.17","1.2","10061"
"Braxton Garrett","MIA","2","6","0","13","13","68.2","9.31","2.23","0.92",".316","73.9%","46.6%","11.9%","91.4","3.67","3.93","3.47","3.41","1.2","21844"
"Felix Bautista","BAL","4","3","10","57","0","57.0","12.00","2.53","1.11",".212","94.2%","43.7%","14.9%","99.1","1.58","2.61","2.95","2.56","1.2","20666"
"David Peterson","NYM","7","3","0","20","16","89.2","10.44","4.01","0.90",".299","77.7%","51.1%","15.0%","93.6","3.21","4.10","3.68","3.36","1.2","20302"
"Rich Hill","BOS","6","5","0","19","19","89.2","7.43","2.51","1.10",".290","68.3%","41.3%","10.7%","88.7","4.32","4.57","4.01","4.09","1.2","4806"
"Zack Greinke","KCR","4","8","0","21","21","108.2","5.30","1.74","1.16",".306","72.9%","40.2%","10.2%","89.3","4.14","5.26","4.28","4.46","1.1","1943"
"Nabil Crismatt","SDP","5","2","0","45","1","57.1","8.63","2.51","0.31",".289","71.2%","51.3%","4.7%","90.6","2.67","3.09","2.60","3.25","1.1","17732"
"Joe Mantiply","ARI","2","4","2","57","0","51.0","9.18","0.71","0.71",".309","80.6%","53.6%","11.8%","90.8","2.65","2.82","2.52","2.47","1.1","14857"
"Brock Burke","TEX","6","3","0","42","0","65.2","9.73","2.19","0.82",".259","90.1%","37.6%","8.2%","95.0","1.23","3.23","2.93","3.37","1.1","17968"
"Dane Dunning","TEX","3","6","0","24","24","129.0","7.81","3.49","0.98",".303","74.1%","54.5%","13.1%","89.0","4.19","4.18","4.20","4.00","1.1","19409"
"Mitch White","- - -","1","4","0","19","14","74.1","7.51","3.15","0.85",".298","70.8%","42.1%","8.1%","93.8","4.24","3.87","3.81","4.28","1.1","19225"
"German Marquez","COL","6","10","0","24","24","139.2","7.41","3.09","1.48",".309","67.1%","47.5%","17.7%","95.8","5.22","4.67","4.69","3.91","1.1","15038"
"Jimmy Herget","LAA","1","1","3","34","1","51.2","8.54","1.74","0.70",".244","73.7%","39.4%","8.7%","92.5","2.79","3.38","2.93","3.23","1.1","17556"
"Aaron Civale","CLE","2","5","0","15","15","68.2","9.17","2.36","1.05",".337","61.5%","37.9%","10.1%","90.8","5.37","4.33","3.69","3.86","1.1","19479"
"Caleb Thielbar","MIN","2","2","1","51","0","45.2","12.02","3.15","0.79",".318","66.1%","29.7%","7.7%","92.8","3.94","2.80","2.64","3.17","1.1","10078"
"Zach Eflin","PHI","3","5","0","13","13","68.0","7.41","1.99","1.06",".287","66.4%","43.5%","10.3%","93.3","4.37","3.50","3.85","4.00","1.1","13774"
"Jake Odorizzi","- - -","5","5","0","16","16","79.2","6.89","2.60","1.13",".287","71.1%","32.9%","9.0%","92.3","3.95","4.01","4.20","4.61","1.1","6397"
"Collin McHugh","ATL","2","2","0","44","0","55.1","9.43","1.79","0.65",".262","77.8%","37.9%","6.6%","91.1","2.77","3.09","2.84","3.51","1.1","7531"
"Tyler Wells","BAL","7","6","0","20","20","94.2","6.46","2.19","1.33",".246","75.5%","35.2%","10.3%","93.8","3.90","3.82","4.40","4.58","1.0","20000"
"Giovanny Gallegos","STL","2","5","12","44","0","46.1","11.07","2.33","0.97",".273","70.0%","27.4%","7.9%","94.4","3.11","2.89","2.84","3.43","1.0","14986"
"Jose Urquidy","HOU","12","5","0","24","24","139.0","7.06","2.01","1.49",".260","79.8%","35.5%","11.7%","93.6","3.69","4.42","4.51","4.42","1.0","18413"
"Michael Kopech","CHW","4","9","0","23","23","110.2","7.97","4.47","1.06",".228","75.8%","35.9%","9.0%","95.1","3.58","3.85","4.45","4.84","1.0","17282"
"Andrew Chafin","DET","0","2","1","47","0","41.2","11.66","2.16","0.65",".294","66.2%","52.0%","8.8%","91.6","3.02","2.35","2.33","2.59","1.0","12988"
"Jorge Lopez","- - -","4","6","22","53","0","57.1","9.58","3.30","0.47",".259","77.7%","57.9%","7.9%","97.4","1.88","3.16","3.04","3.33","1.0","14527"
"Kenley Jansen","ATL","5","1","29","48","0","47.2","12.08","3.21","0.94",".278","73.9%","29.5%","8.3%","","3.40","2.05","2.94","3.42","1.0","3096"
"Andrew Heaney","LAD","2","1","0","9","9","41.2","13.39","2.59","1.08",".275","78.0%","34.0%","11.9%","92.7","1.94","3.16","3.01","2.92","1.0","15423"
"Daniel Lynch","KCR","4","9","0","21","21","103.1","8.45","3.75","1.13",".330","73.2%","39.8%","10.1%","94.2","4.70","4.70","4.25","4.44","1.0","21537"
"Rafael Montero","HOU","4","2","8","55","0","52.2","9.40","3.59","0.34",".271","73.9%","54.1%","5.0%","96.5","2.56","2.95","2.84","3.46","1.0","12760"
"Craig Kimbrel","LAD","3","5","21","47","0","44.1","11.77","3.86","0.41",".375","66.0%","37.0%","3.6%","96.0","4.26","3.53","2.52","3.75","1.0","6655"
"Bryan Baker","BAL","4","3","0","51","2","52.2","9.91","3.76","0.34",".329","67.4%","42.0%","4.1%","96.1","4.10","3.77","2.84","3.71","1.0","19804"
"Liam Hendriks","CHW","2","3","28","45","0","45.0","13.20","2.20","1.40",".303","76.5%","31.4%","13.7%","97.7","3.20","2.69","3.01","2.65","1.0","3548"
"Bryan Abreu","HOU","4","0","2","40","0","45.2","13.20","3.94","0.20",".343","78.1%","48.0%","3.1%","97.4","2.17","3.14","2.05","2.79","1.0","16609"
"Nick Lodolo","CIN","3","4","0","12","12","60.0","11.55","4.20","1.05",".373","77.0%","41.4%","13.0%","94.5","4.35","4.10","4.03","3.83","1.0","26378"
"Matt Manning","DET","1","1","0","7","7","38.0","7.34","2.13","0.71",".273","84.7%","36.3%","6.1%","93.8","2.37","3.38","3.23","4.09","1.0","20369"
"Luis Garcia","SDP","4","6","3","48","0","45.2","9.66","2.56","0.59",".333","69.2%","56.7%","10.3%","97.9","3.55","3.23","2.95","3.03","1.0","6984"
"Daniel Bard","COL","3","4","26","45","0","45.1","10.13","4.37","0.60",".230","80.3%","51.3%","8.3%","97.7","2.38","2.80","3.39","3.69","0.9","7115"
"David Phelps","TOR","0","2","1","52","0","50.1","9.30","4.11","0.00",".301","75.0%","34.6%","0.0%","93.3","2.50","3.69","2.49","3.91","0.9","6316"
"Walker Buehler","LAD","6","3","0","12","12","65.0","8.03","2.35","1.11",".312","74.9%","48.0%","12.7%","95.4","4.02","4.27","3.82","3.64","0.9","19374"
"Alex Vesia","LAD","3","0","1","50","0","41.1","12.63","3.92","0.44",".316","79.7%","36.7%","5.6%","93.9","2.61","3.11","2.40","3.05","0.9","25007"
"Clay Holmes","NYY","5","3","17","49","0","49.0","9.37","2.94","0.18",".262","77.7%","81.0%","9.1%","97.8","2.39","2.16","2.78","2.84","0.9","13649"
"Alexis Diaz","CIN","4","2","6","47","0","49.1","12.22","4.38","0.73",".186","81.1%","33.0%","7.3%","95.9","1.82","2.95","3.11","3.68","0.9","21132"
"Jordan Romano","TOR","5","3","27","47","0","48.0","9.94","3.19","0.75",".246","79.7%","43.3%","8.7%","96.7","2.25","3.82","3.19","3.51","0.9","16122"
"Dylan Bundy","MIN","7","6","0","22","22","108.2","6.38","1.90","1.33",".275","69.0%","36.5%","10.3%","89.2","4.56","3.98","4.34","4.51","0.9","12917"
"Ian Anderson","ATL","10","6","0","22","22","111.2","7.82","4.35","0.97",".313","69.8%","47.9%","11.7%","93.9","5.00","4.39","4.26","4.22","0.9","19951"
"Jhoan Duran","MIN","2","3","6","47","0","55.2","11.48","2.10","0.97",".282","90.7%","60.5%","19.4%","100.8","1.94","2.33","2.89","2.31","0.9","21029"
"Jakob Junis","SFG","4","3","0","16","13","78.0","7.96","1.85","1.15",".273","77.3%","45.9%","12.8%","91.9","3.58","3.77","3.75","3.55","0.9","13619"
"John Brebbia","SFG","6","1","0","60","3","53.2","7.38","2.52","0.50",".304","78.0%","37.0%","4.2%","94.3","2.68","3.50","3.05","4.29","0.9","12777"
"Zach Jackson","OAK","2","3","3","54","0","48.0","12.56","6.19","0.19",".273","73.1%","26.8%","1.9%","94.6","3.00","3.58","2.79","4.14","0.9","19493"
"Spenser Watkins","BAL","4","4","0","18","17","84.0","5.68","2.57","0.96",".288","72.3%","40.5%","8.3%","91.6","3.96","4.83","4.26","4.75","0.9","17489"
"Bailey Ober","MIN","1","2","0","7","7","33.2","7.75","1.87","0.53",".327","64.7%","24.8%","3.8%","91.9","4.01","4.92","2.80","4.29","0.9","21224"
"Matt Moore","TEX","4","2","3","46","0","58.0","9.93","4.97","0.31",".266","79.8%","48.3%","3.8%","94.1","2.02","2.78","3.07","3.96","0.9","1890"
"Jose Alvarado","PHI","3","2","1","46","0","38.0","13.74","4.97","0.47",".379","66.4%","56.2%","9.1%","98.1","4.26","3.09","2.49","2.66","0.9","17780"
"Aaron Ashby","MIL","2","10","1","23","17","96.1","10.84","4.02","1.31",".323","68.6%","55.6%","19.7%","95.9","4.58","3.66","4.07","3.26","0.9","23550"
"Jose Suarez","LAA","4","6","0","16","14","73.0","8.75","3.33","1.23",".298","75.9%","36.9%","11.8%","92.8","4.19","3.96","4.19","4.12","0.9","19911"
"Raisel Iglesias","- - -","2","6","17","51","0","46.1","11.07","2.33","0.97",".275","72.1%","33.9%","10.0%","95.3","3.30","3.45","3.04","3.22","0.9","17130"
"Mike Clevinger","SDP","4","5","0","16","15","80.1","7.84","2.91","1.23",".249","78.7%","34.6%","10.4%","93.6","3.59","4.07","4.32","4.47","0.8","12808"
"Wil Crowe","PIT","5","7","3","50","1","65.1","8.40","3.58","0.55",".264","72.6%","49.4%","7.0%","95.2","3.17","3.38","3.39","3.87","0.8","19800"
"MacKenzie Gore","SDP","4","4","0","16","13","70.0","9.26","4.76","0.90",".312","74.1%","37.6%","9.2%","94.8","4.50","5.19","4.13","4.41","0.8","22201"
"Zach Plesac","CLE","3","11","0","23","23","127.0","7.02","2.62","1.35",".285","69.9%","40.7%","12.3%","92.2","4.39","5.33","4.50","4.33","0.8","19979"
"Luis Severino","NYY","5","3","0","16","16","86.0","9.94","2.62","1.47",".251","81.2%","43.0%","15.6%","96.1","3.45","3.07","4.04","3.46","0.8","15890"
"Andre Pallante","STL","5","4","0","34","10","94.1","6.49","2.96","0.76",".307","82.9%","63.6%","15.7%","95.3","2.96","3.63","3.80","3.49","0.8","26108"
"Adrian Sampson","CHC","1","4","0","13","11","62.1","6.93","2.31","1.01",".306","71.0%","38.7%","8.6%","92.9","4.04","4.21","3.86","4.31","0.8","13339"
"Paul Blackburn","OAK","7","6","0","21","21","111.1","7.19","2.43","1.21",".290","74.2%","47.4%","13.9%","91.7","4.28","4.13","4.22","3.89","0.8","14739"
"Adrian Houser","MIL","4","9","0","16","16","78.2","6.98","4.00","0.92",".317","61.4%","46.9%","10.8%","94.8","5.15","4.92","4.23","4.29","0.8","12718"
"Dakota Hudson","STL","7","6","0","23","23","121.1","5.19","4.08","0.59",".286","71.9%","53.1%","7.7%","91.6","4.23","5.19","4.41","4.81","0.8","19206"
"Adam Cimber","TOR","10","5","4","58","0","54.0","7.67","1.83","0.83",".297","74.6%","39.7%","8.9%","86.7","3.17","3.50","3.46","3.77","0.8","15288"
"David Robertson","- - -","3","1","18","46","0","51.0","11.29","4.06","0.88",".216","89.6%","45.2%","10.0%","","2.12","2.76","3.42","3.58","0.8","8241"
"Austin Voth","- - -","4","1","0","34","11","72.1","8.09","2.74","1.24",".324","70.0%","36.4%","10.9%","93.8","4.73","4.27","4.04","4.10","0.8","15047"
"Dylan Lee","ATL","3","1","0","32","0","36.1","10.40","1.49","0.99",".305","71.9%","38.1%","10.0%","92.2","2.72","3.07","2.74","2.92","0.8","19996"
"Alex Lange","DET","4","3","0","55","0","49.1","12.04","4.38","0.55",".302","69.6%","52.1%","8.3%","96.2","3.47","3.14","2.94","3.22","0.8","19883"
"Austin Gomber","COL","5","7","0","25","16","110.2","6.75","2.68","1.46",".307","64.2%","42.7%","14.2%","91.1","5.61","4.96","4.69","4.25","0.8","16561"
"Paul Sewald","SEA","3","4","16","52","0","51.2","10.10","2.26","1.22",".136","78.0%","33.0%","11.9%","92.6","2.61","2.20","3.57","3.48","0.7","13892"
"Adam Ottavino","NYM","5","2","2","52","0","51.2","10.63","2.44","0.87",".276","90.0%","51.6%","12.5%","94.9","2.09","2.53","3.07","2.94","0.7","1247"
"Tim Hill","SDP","3","0","0","42","0","37.1","5.06","1.69","0.00",".317","72.9%","59.0%","0.0%","91.4","2.89","2.91","2.72","3.78","0.7","16814"
"Nick Nelson","PHI","3","2","0","35","2","56.0","9.00","4.82","0.16",".316","64.6%","38.4%","1.6%","96.4","4.82","3.90","3.18","4.54","0.7","20153"
"Tanner Houck","BOS","5","4","8","32","4","60.0","8.40","3.30","0.45",".288","75.5%","50.9%","7.1%","95.5","3.15","3.85","3.31","3.68","0.7","19879"
"Edward Cabrera","MIA","4","1","0","7","7","38.1","10.10","4.46","0.47",".188","91.6%","52.9%","6.7%","96.3","1.41","2.86","3.36","3.83","0.7","21690"
"Dillon Tate","BAL","2","3","3","55","0","60.0","7.65","1.50","0.60",".265","73.6%","57.1%","10.0%","","2.70","3.14","3.09","3.20","0.7","17796"
"Lucas Luetge","NYY","3","4","1","39","0","45.1","9.13","2.78","0.60",".315","80.3%","36.9%","5.3%","89.5","2.58","2.98","3.02","4.00","0.7","8337"
"Camilo Doval","SFG","4","6","18","54","0","53.2","10.73","4.36","0.67",".296","70.8%","53.6%","11.1%","","2.85","2.93","3.27","3.29","0.7","21992"
"Lance Lynn","CHW","3","5","0","14","14","77.1","9.66","1.51","1.75",".302","64.9%","42.2%","17.9%","93.0","5.00","4.10","4.24","3.31","0.7","2520"
"Andrew Bellatti","PHI","3","3","2","46","1","41.0","13.17","3.51","1.10",".359","70.8%","26.3%","9.8%","94.6","3.73","3.48","3.03","3.26","0.7","10657"
"Nathan Eovaldi","BOS","5","3","0","18","18","99.2","8.67","1.63","1.90",".303","75.8%","48.4%","19.3%","96.1","4.15","4.39","4.51","3.37","0.7","9132"
"Michael Fulmer","- - -","4","5","2","52","0","50.0","9.00","4.14","0.54",".284","71.7%","34.6%","5.5%","94.2","3.42","3.21","3.47","4.30","0.7","13218"
"Drew Hutchison","DET","1","7","0","21","11","71.0","5.70","3.93","0.63",".298","69.8%","41.0%","6.0%","92.8","4.06","5.16","4.08","4.88","0.7","10732"
"Chris Martin","- - -","4","0","0","44","0","41.0","11.41","0.88","1.32",".340","74.5%","47.7%","16.2%","95.4","3.73","2.89","2.78","2.20","0.7","11847"
"Jason Foley","DET","1","0","0","46","0","48.0","5.81","1.88","0.00",".333","75.0%","58.4%","0.0%","96.4","2.81","3.56","2.58","3.74","0.7","19531"
"Yimi Garcia","TOR","2","4","1","46","0","44.2","8.46","2.62","0.81",".225","76.7%","37.9%","6.5%","94.9","2.62","2.67","3.42","4.28","0.7","12095"
"Eduardo Rodriguez","DET","3","3","0","10","10","50.0","7.38","4.14","0.72",".279","65.7%","38.3%","6.8%","92.2","3.60","4.10","3.91","4.59","0.7","13164"
"Brad Keller","KCR","6","13","0","25","22","125.1","6.32","3.45","1.15",".307","65.8%","51.7%","13.2%","94.5","5.24","4.36","4.58","4.33","0.7","15734"
"Tylor Megill","NYM","4","2","0","9","9","41.1","10.23","2.40","1.31",".303","65.7%","42.9%","16.2%","95.8","5.01","4.30","3.61","3.03","0.7","21318"
"Wandy Peralta","NYY","2","3","3","48","0","49.0","7.35","3.12","0.37",".244","75.7%","53.4%","4.8%","95.2","2.57","2.67","3.13","3.85","0.7","14295"
"Will Vest","DET","3","3","1","45","0","50.0","9.36","3.24","0.54",".299","68.0%","52.2%","8.3%","95.3","3.78","3.48","2.97","3.24","0.7","19769"
"Michael Lorenzen","LAA","6","6","0","13","13","71.0","6.97","3.80","1.01",".280","67.6%","51.9%","11.8%","95.1","4.94","4.13","4.48","4.41","0.6","14843"
"Keegan Thompson","CHC","9","5","0","25","17","104.1","7.85","3.19","1.29",".291","75.2%","40.0%","12.1%","93.7","3.97","4.73","4.57","4.44","0.6","19795"
"Jesse Chavez","- - -","2","1","0","44","1","53.2","9.89","2.68","1.01",".351","72.1%","36.6%","11.3%","91.1","3.69","4.45","3.33","3.32","0.6","5448"
"Brusdar Graterol","LAD","2","3","3","40","0","43.2","8.04","2.06","0.62",".246","68.6%","62.0%","10.0%","99.4","3.09","2.59","3.13","3.24","0.6","20367"
"Griffin Jax","MIN","5","3","1","49","0","58.0","10.24","2.64","0.93",".277","70.1%","50.0%","11.3%","95.4","3.57","3.26","3.18","3.17","0.6","20253"
"Madison Bumgarner","ARI","6","13","0","25","25","133.0","6.56","2.91","1.29",".307","70.4%","37.9%","10.6%","91.0","4.53","5.30","4.65","4.76","0.6","5524"
"Taylor Hearn","TEX","5","7","1","23","13","84.1","8.86","4.06","1.07",".324","68.1%","38.9%","10.9%","94.8","5.12","4.86","4.16","4.21","0.6","18325"
"Domingo German","NYY","2","2","0","8","8","42.1","6.59","1.91","1.06",".264","79.5%","36.9%","9.8%","92.9","3.19","4.67","4.12","4.35","0.6","17149"
"Dennis Santana","TEX","3","6","1","48","0","42.2","7.59","4.01","0.21",".292","47.8%","50.8%","2.6%","97.6","5.70","3.85","3.22","4.22","0.6","17878"
"Lucas Gilbreath","COL","2","0","0","47","0","43.0","10.26","5.44","0.42",".330","70.1%","46.7%","6.1%","93.8","4.19","4.18","3.54","4.06","0.6","21290"
"Gregory Soto","DET","2","7","23","47","0","45.2","8.67","4.14","0.20",".274","65.4%","45.3%","2.3%","98.6","2.96","4.30","3.32","4.45","0.6","19677"
"Penn Murfee","SEA","4","0","0","49","1","54.0","9.67","2.17","0.83",".223","78.0%","36.3%","7.7%","89.1","2.67","2.35","2.96","3.52","0.6","25174"
"Chris Archer","MIN","2","7","0","22","22","91.1","7.69","4.24","0.99",".257","68.5%","41.5%","9.7%","93.2","4.34","4.73","4.35","4.58","0.6","6345"
"Cionel Perez","BAL","7","1","1","52","0","44.0","8.59","3.68","0.41",".297","88.3%","52.5%","5.4%","97.2","1.64","3.79","3.10","3.74","0.6","19614"
"Matt Strahm","BOS","3","3","3","37","0","31.0","10.74","2.61","0.87",".317","67.0%","32.5%","7.7%","94.4","3.48","3.07","3.06","3.64","0.6","13799"
"Hunter Greene","CIN","4","12","0","20","20","102.2","11.13","3.59","2.02",".284","73.3%","27.9%","17.3%","98.8","5.26","4.36","4.97","3.95","0.6","22182"
"Erick Fedde","WSN","5","8","0","20","20","97.2","7.00","4.42","1.29",".293","73.0%","42.7%","12.5%","","4.88","4.86","4.91","4.72","0.6","17425"
"Chris Stratton","- - -","6","4","2","48","1","51.1","8.59","3.33","0.70",".382","66.3%","44.0%","7.5%","92.8","4.91","4.39","3.40","3.90","0.6","13761"
"Zach Davies","ARI","2","4","0","20","20","102.2","6.57","3.16","1.31",".238","72.8%","43.4%","12.4%","","3.86","4.13","4.67","4.50","0.6","13183"
"Ryne Stanek","HOU","1","1","1","46","0","42.1","9.99","5.74","0.43",".275","92.3%","38.5%","5.0%","98.6","1.28","3.26","3.43","4.20","0.6","15947"
"Nick Martinez","SDP","3","3","6","32","10","91.0","7.91","3.36","1.19",".281","83.5%","47.5%","13.6%","93.4","3.07","3.98","4.33","4.04","0.6","12730"
"Jalen Beeks","TBR","2","3","1","35","7","53.1","10.46","3.21","1.01",".303","81.9%","45.3%","12.8%","95.3","2.70","3.61","3.44","3.27","0.6","17192"
"JP Sears","- - -","5","1","0","11","6","43.1","5.40","2.70","0.62",".256","84.8%","44.4%","6.0%","93.4","2.28","4.04","3.79","4.58","0.6","23429"
"Kutter Crawford","BOS","3","5","0","20","11","73.0","8.88","3.08","1.36",".325","67.7%","32.1%","11.6%","94.9","5.30","4.60","4.22","4.17","0.5","20531"
"Sam Hentges","CLE","3","2","0","43","0","45.2","9.85","2.96","0.59",".288","77.9%","58.5%","10.3%","96.0","2.96","3.21","2.84","2.92","0.5","18548"
"Taylor Clarke","KCR","3","1","2","44","0","47.0","8.43","1.53","1.15",".309","67.9%","36.4%","9.5%","95.7","4.02","3.26","3.49","3.79","0.5","17611"
"Enyel De Los Santos","CLE","3","0","1","37","0","41.1","9.58","2.83","0.65",".283","79.9%","42.1%","8.6%","95.7","2.83","4.36","3.03","3.32","0.5","18403"
"Buck Farmer","CIN","1","1","1","29","0","32.0","10.69","4.78","0.56",".317","69.4%","39.8%","6.5%","94.8","4.22","3.61","3.25","3.86","0.5","14814"
"Duane Underwood Jr.","PIT","1","3","0","34","0","40.2","8.63","3.98","0.22",".331","66.0%","45.8%","2.8%","96.3","3.98","4.13","3.15","4.13","0.5","14677"
"Brad Boxberger","MIL","3","2","1","51","0","47.1","9.32","4.18","0.76",".258","85.9%","35.0%","7.5%","92.9","2.28","3.53","3.61","4.15","0.5","10133"
"Brad Hand","PHI","3","1","5","47","0","38.2","7.45","4.66","0.00",".238","78.0%","40.4%","0.0%","92.7","1.86","3.40","3.41","4.96","0.5","9111"
"Eric Lauer","MIL","9","5","0","23","23","130.2","8.61","3.24","1.65",".254","82.3%","32.5%","14.5%","93.4","3.44","4.21","4.72","4.19","0.5","19316"
"Steven Matz","STL","4","3","0","10","10","42.2","10.76","1.90","1.69",".336","66.2%","37.1%","18.2%","","5.70","3.77","3.95","3.02","0.5","13361"
"Kyle Nelson","ARI","1","0","0","38","1","34.1","7.08","2.10","0.26",".234","82.3%","41.3%","2.9%","91.8","1.57","3.40","2.80","3.92","0.5","20515"
"A.J. Puk","OAK","3","1","3","49","0","52.1","9.97","2.75","0.69",".264","76.2%","44.2%","9.1%","96.9","2.58","3.48","3.28","3.52","0.5","19343"
"Trevor Williams","NYM","2","5","1","23","9","69.2","7.88","2.45","1.16",".277","84.0%","35.3%","10.3%","91.0","2.84","3.87","3.96","4.11","0.5","16977"
"Mark Melancon","ARI","3","10","17","49","0","43.0","6.28","3.77","0.42",".352","56.4%","45.5%","4.5%","91.1","5.23","4.13","3.66","4.55","0.5","4264"
"Scott Barlow","KCR","5","4","20","55","0","60.2","8.90","2.37","1.19",".253","81.8%","50.3%","15.4%","93.8","2.37","3.30","3.80","3.34","0.5","14993"
"Hoby Milner","MIL","3","2","0","52","0","49.0","8.45","1.84","0.73",".312","66.8%","49.3%","8.9%","89.2","4.22","3.30","3.29","3.57","0.5","13346"
"Jimmy Lambert","CHW","1","2","0","27","2","34.0","8.74","3.97","0.53",".269","82.1%","38.3%","5.3%","94.5","2.65","2.98","3.36","4.23","0.5","19541"
"Seth Lugo","NYM","3","2","3","50","0","51.0","9.18","2.65","0.88",".295","80.0%","47.2%","10.2%","94.2","3.18","3.56","3.30","3.43","0.5","12447"
"Chris Flexen","SEA","7","9","0","23","21","120.0","6.23","3.53","1.20",".276","79.5%","31.8%","8.9%","91.8","3.83","4.76","4.70","5.15","0.5","13896"
"Diego Castillo","SEA","7","2","6","47","0","43.2","9.27","3.92","0.62",".264","67.6%","44.2%","8.1%","95.8","3.30","3.21","3.40","3.75","0.5","17496"
"Chad Kuhl","COL","6","7","0","21","21","108.0","6.67","3.92","1.50",".295","71.2%","36.2%","12.7%","93.5","5.17","5.09","5.23","4.98","0.5","14975"
"Jose Berrios","TOR","9","5","0","25","25","134.2","8.22","2.21","1.80",".314","72.5%","39.1%","16.3%","93.9","5.28","5.26","4.84","4.04","0.5","14168"
"Daulton Jefferies","OAK","1","7","0","8","8","39.1","6.41","1.83","0.92",".323","59.5%","46.6%","8.0%","92.8","5.72","3.71","3.79","4.32","0.5","19345"
"Connor Brogdon","PHI","2","0","1","32","0","30.0","10.20","2.10","1.20",".300","85.0%","27.5%","10.3%","95.3","3.00","2.69","3.29","3.46","0.4","21205"
"Matt Brash","SEA","3","4","0","23","5","37.1","10.37","5.79","0.72",".379","71.9%","52.0%","13.0%","96.8","5.06","5.55","3.88","3.73","0.4","25756"
"Patrick Corbin","WSN","4","17","0","25","25","121.2","7.99","3.25","1.70",".380","63.3%","44.7%","16.7%","92.0","6.81","6.35","5.02","4.22","0.4","9323"
"Kyle Finnegan","WSN","5","2","7","51","0","51.0","9.18","3.18","1.24",".262","78.8%","46.6%","16.3%","96.8","3.18","3.69","3.93","3.38","0.4","15009"
"Amir Garrett","KCR","3","1","0","45","0","35.2","9.08","6.56","0.00",".241","57.1%","39.5%","0.0%","93.9","5.05","3.35","3.46","4.82","0.4","14375"
"Kendall Graveman","CHW","3","2","6","51","0","52.1","8.94","3.44","0.86",".311","80.0%","55.3%","13.2%","96.6","2.58","3.40","3.58","3.40","0.4","15514"
"Dany Jimenez","OAK","3","4","11","34","0","34.1","8.91","4.72","0.52",".231","65.4%","40.9%","4.9%","94.2","3.41","2.80","3.47","4.47","0.4","21170"
"Eli Morgan","CLE","4","3","0","38","1","50.2","10.66","1.78","1.60",".235","60.4%","29.9%","13.6%","92.1","4.09","2.91","3.78","3.37","0.4","20203"
"Trevor Rogers","MIA","4","10","0","19","19","87.2","8.52","4.21","1.23",".336","65.5%","40.9%","12.4%","94.6","5.85","4.96","4.59","4.43","0.4","22286"
"Yency Almonte","LAD","0","0","1","29","0","31.1","8.62","2.87","0.57",".208","95.7%","46.8%","7.7%","95.8","1.15","3.26","3.28","3.67","0.4","15068"
"Ryan Brasier","BOS","0","3","1","53","0","48.2","9.06","2.03","1.29",".363","53.9%","40.5%","11.5%","95.8","6.47","4.24","3.66","3.62","0.4","5615"
"Ryan Thompson","TBR","3","3","3","47","0","42.2","8.23","2.32","0.84",".280","60.3%","51.2%","10.3%","91.9","3.80","3.07","3.43","3.55","0.4","16647"
"Tyler Rogers","SFG","2","4","0","55","0","57.1","5.65","2.98","0.31",".296","63.9%","55.7%","4.1%","83.5","4.55","3.40","3.58","4.38","0.4","15541"
"Matt Bush","- - -","2","2","3","52","5","47.2","11.14","2.83","1.32",".254","67.1%","39.5%","14.0%","97.5","3.21","2.29","3.63","3.26","0.4","1246"
"Trevor Megill","MIN","3","1","0","29","0","35.2","9.84","3.03","0.76",".330","67.8%","44.3%","9.4%","97.8","3.53","4.24","3.13","3.35","0.4","17722"
"Kris Bubic","KCR","2","9","0","22","21","99.1","7.52","4.44","1.27",".339","66.7%","41.6%","12.8%","91.7","5.62","5.88","4.80","4.57","0.3","21455"
"Josh Hader","- - -","2","5","29","43","0","38.1","15.50","3.99","1.88",".338","74.2%","26.8%","19.5%","","5.17","3.74","3.96","2.81","0.3","14212"
"Kyle Hendricks","CHC","4","6","0","16","16","84.1","7.04","2.56","1.60",".282","73.6%","36.2%","13.5%","87.1","4.80","5.06","4.83","4.45","0.3","12049"
"Alex Faedo","DET","1","5","0","12","12","53.2","7.38","4.19","1.17",".335","69.4%","31.2%","9.2%","92.8","5.53","5.51","4.63","5.01","0.3","19874"
"Victor Arano","WSN","1","1","1","41","0","40.0","9.45","2.48","1.13",".347","56.6%","51.6%","14.3%","94.5","4.73","3.56","3.70","3.36","0.3","15915"
"Konnor Pilkington","CLE","1","2","0","12","9","45.1","7.94","4.76","0.79",".324","70.6%","39.9%","7.4%","92.1","4.17","4.79","4.23","4.82","0.3","21453"
"Aaron Loup","LAA","0","4","0","51","0","46.2","9.26","3.47","0.77",".289","53.7%","48.2%","9.5%","","4.05","4.36","3.73","3.93","0.3","10343"
"Joel Kuhnel","CIN","2","2","1","38","0","42.0","8.36","2.14","1.07",".328","65.4%","52.4%","14.7%","96.3","5.36","3.74","3.82","3.45","0.3","19995"
"Carlos Estevez","COL","3","4","2","51","0","45.2","7.88","3.55","0.99",".273","67.3%","36.6%","8.9%","97.6","3.74","4.01","4.05","4.42","0.3","14542"
"Jackson Stephens","ATL","2","2","2","32","0","44.0","8.80","3.89","0.61",".305","61.9%","46.2%","8.1%","94.0","3.89","3.66","3.56","3.90","0.3","14420"
"Austin Davis","BOS","2","1","0","49","3","52.1","10.32","4.82","0.86",".331","68.4%","33.6%","8.1%","94.2","5.33","4.45","3.97","4.46","0.3","17117"
"Ryan Feltner","COL","2","5","0","13","12","61.1","7.48","2.93","1.61",".299","64.3%","43.1%","15.5%","94.6","5.87","5.73","4.92","4.28","0.3","21446"
"Roansy Contreras","PIT","3","4","0","14","11","63.0","8.29","4.14","1.43",".273","78.4%","36.5%","13.0%","96.2","3.86","5.09","4.82","4.55","0.3","22810"
"Ron Marinaccio","NYY","1","0","0","28","0","32.2","10.74","4.13","0.55",".147","82.2%","43.5%","6.3%","94.6","1.93","2.55","3.37","4.01","0.3","23488"
"Alex Colome","COL","2","6","4","46","0","42.1","5.95","3.61","0.64",".329","61.5%","55.6%","7.7%","94.6","4.68","5.47","3.93","4.36","0.3","6661"
"Seth Martinez","HOU","0","1","0","24","0","34.0","8.47","3.44","0.79",".227","82.3%","41.1%","7.9%","92.1","2.38","2.84","3.63","4.11","0.3","21045"
"Tanner Rainey","WSN","1","3","12","29","0","30.0","10.80","3.90","1.50",".284","71.9%","31.6%","12.5%","97.0","3.30","3.96","4.19","3.98","0.2","17610"
"Garrett Richards","TEX","1","1","1","32","2","42.2","7.59","2.74","0.63",".315","57.3%","52.6%","7.5%","94.4","5.27","4.39","3.48","3.94","0.2","9784"
"Chase De Jong","PIT","4","1","0","29","0","53.2","7.71","3.35","1.01",".185","87.7%","33.8%","9.0%","93.1","2.01","3.56","4.15","4.52","0.2","15036"
"Ryan Yarbrough","TBR","1","8","0","16","9","68.1","7.11","2.37","1.19",".316","68.9%","36.4%","10.3%","86.8","4.87","4.60","4.49","4.64","0.2","16502"
"Davis Martin","CHW","2","4","0","9","5","39.0","6.46","3.23","1.15",".271","66.7%","37.5%","11.1%","94.0","4.85","4.79","4.51","4.53","0.2","21448"
"Erasmo Ramirez","WSN","4","1","0","47","2","66.1","6.65","1.49","1.22",".286","81.9%","44.6%","13.2%","93.7","3.12","3.61","4.14","3.87","0.2","10314"
"Dylan Floro","MIA","0","2","3","39","0","36.1","7.93","2.48","0.99",".299","64.4%","47.3%","10.5%","92.1","3.96","3.53","3.62","3.72","0.2","13394"
"Keegan Akin","BAL","2","1","2","35","0","66.0","7.91","2.05","1.23",".242","75.8%","50.0%","14.8%","93.6","2.86","3.93","3.82","3.40","0.2","19362"
"Shawn Armstrong","- - -","2","1","1","39","0","44.2","10.28","2.42","1.21",".359","68.8%","43.3%","12.8%","95.5","5.04","3.35","3.66","3.46","0.2","12857"
"Brett Martin","TEX","1","7","3","48","1","43.1","6.85","2.91","0.83",".292","69.4%","53.0%","11.8%","93.7","3.74","3.71","3.77","3.72","0.2","17369"
"Joely Rodriguez","NYM","0","3","0","42","0","37.0","10.46","5.59","0.49",".319","60.2%","50.0%","8.0%","92.8","5.11","3.98","3.45","3.74","0.2","11487"
"Tommy Nance","MIA","0","1","0","23","2","34.0","11.65","4.50","0.79",".369","74.3%","50.0%","12.5%","93.5","4.50","3.87","3.45","3.33","0.2","19178"
"Josh Winder","MIN","4","3","0","10","6","45.1","5.76","2.78","1.19",".261","74.6%","37.5%","10.2%","94.3","3.77","4.13","4.63","4.81","0.2","24606"
"Rony Garcia","DET","3","3","0","16","8","51.0","8.47","2.29","1.59",".235","67.6%","31.2%","13.6%","93.0","4.41","6.31","4.54","4.14","0.2","20430"
"Joel Payamps","- - -","3","3","0","32","0","46.2","6.94","3.09","0.96",".310","80.3%","52.7%","10.9%","94.9","2.89","4.04","4.13","4.18","0.2","14332"
"Tanner Banks","CHW","1","0","0","31","0","46.2","7.71","3.09","0.77",".260","66.8%","47.8%","9.8%","93.0","2.89","4.01","3.62","3.79","0.2","16990"
"Aaron Sanchez","- - -","3","4","0","9","9","40.1","6.25","2.45","1.34",".378","59.1%","50.7%","15.0%","92.6","7.36","4.83","4.71","4.23","0.2","11490"
"Jeff Hoffman","CIN","2","0","0","35","1","44.2","9.07","4.63","1.01",".289","74.6%","28.6%","7.5%","94.4","3.83","4.21","4.31","5.05","0.2","17432"
"Matthew Festa","SEA","2","0","2","41","0","40.0","11.48","2.70","1.35",".267","75.8%","36.2%","12.8%","92.7","3.60","3.11","3.58","3.35","0.2","19330"
"Marco Gonzales","SEA","9","12","0","25","25","140.2","5.05","2.75","1.34",".286","74.4%","43.8%","11.8%","88.5","3.97","4.83","4.97","4.88","0.2","15467"
"Kyle Bradish","BAL","2","5","0","16","16","80.0","8.89","3.26","1.69",".354","72.2%","43.5%","18.5%","","5.63","4.99","4.90","3.94","0.2","24586"
"Dominic Leone","SFG","4","5","3","51","0","45.0","9.80","4.20","1.00",".354","75.0%","40.8%","10.9%","95.4","4.20","3.53","3.79","3.84","0.2","13763"
"Michael Rucker","CHC","3","1","0","28","0","40.0","8.10","2.93","1.13",".287","68.2%","44.2%","10.6%","95.0","4.50","3.48","3.93","4.02","0.2","19454"
"Jordan Hicks","STL","3","6","0","28","8","52.1","9.29","5.68","0.69",".258","65.8%","59.1%","13.3%","98.0","5.16","4.30","4.35","4.19","0.2","19618"
"Steven Wilson","SDP","4","1","1","36","0","40.0","8.55","3.15","1.35",".210","80.4%","22.1%","9.5%","95.1","3.15","2.84","4.30","4.66","0.2","20353"
"Robert Suarez","SDP","4","1","1","31","0","33.2","10.43","4.01","1.07",".227","86.8%","44.3%","15.4%","97.7","2.41","3.87","3.96","3.54","0.1","30115"
"Matt Foster","CHW","1","2","1","47","0","44.0","8.18","3.27","1.23",".286","66.5%","31.5%","9.8%","93.9","4.50","4.10","4.17","4.43","0.1","19647"
"Jaime Barria","LAA","2","3","0","26","1","67.2","6.25","2.26","1.20",".211","77.6%","41.3%","11.3%","92.1","2.53","4.18","4.31","4.31","0.1","18356"
"Ty Blach","COL","1","0","1","19","1","39.0","4.85","2.54","0.92",".319","58.1%","43.8%","8.0%","91.2","6.46","4.51","4.30","4.85","0.1","14361"
"Jose Leclerc","TEX","0","1","2","25","0","33.0","9.55","3.27","1.36",".222","80.0%","30.2%","10.2%","96.1","3.55","3.00","4.25","4.45","0.1","14524"
"Humberto Castellanos","ARI","3","2","0","11","9","44.1","6.50","2.44","1.42",".309","65.8%","33.3%","12.1%","89.4","5.68","5.37","4.82","4.68","0.1","21183"
"David Price","LAD","2","0","1","37","0","38.0","8.76","1.66","1.42",".283","92.5%","55.9%","18.8%","92.5","2.61","3.50","3.78","2.96","0.1","3184"
"Joan Adon","WSN","1","12","0","14","14","64.2","7.65","5.43","1.11",".337","61.9%","47.8%","11.8%","95.0","7.10","6.03","5.12","5.05","0.1","22925"
"Beau Brieske","DET","3","6","0","15","15","81.2","5.95","2.76","1.54",".241","75.6%","37.5%","12.5%","94.4","4.19","5.58","4.99","4.77","0.1","26079"
"Clarke Schmidt","NYY","5","2","2","17","1","33.0","7.91","4.91","0.55",".241","81.6%","42.0%","5.9%","94.6","2.18","3.40","3.88","4.60","0.1","19899"
"Nick Sandlin","CLE","5","2","0","35","0","33.2","8.29","5.35","0.53",".214","83.8%","57.6%","7.4%","94.0","2.14","3.09","3.93","4.33","0.1","20517"
"Brent Suter","MIL","5","3","0","40","0","50.2","6.93","2.84","0.89",".270","70.4%","44.1%","9.4%","86.6","3.55","3.43","3.93","4.18","0.1","13942"
"Carl Edwards Jr.","WSN","5","3","2","43","0","48.0","8.63","3.94","1.13",".232","78.2%","52.7%","14.0%","94.7","3.19","3.26","4.21","3.89","0.1","13607"
"Tim Mayza","TOR","5","0","0","43","0","35.0","6.94","2.31","1.03",".286","82.4%","56.0%","23.5%","93.7","2.83","4.64","3.93","3.15","0.1","15042"
"Vince Velasquez","CHW","3","3","0","18","8","58.0","7.45","2.95","1.55",".267","66.7%","33.9%","11.2%","93.4","5.12","6.15","4.80","4.80","0.1","11189"
"Tanner Scott","MIA","4","5","19","54","0","51.1","12.27","6.49","0.88",".317","69.7%","47.2%","14.3%","96.8","4.56","4.04","4.00","3.73","0.1","17586"
"Matt Wisler","TBR","3","3","1","38","5","42.0","7.29","3.00","1.29",".202","72.3%","24.6%","8.8%","90.1","2.36","3.26","4.36","4.88","0.1","12804"
"Richard Bleier","MIA","2","2","0","42","1","37.1","5.54","2.41","0.72",".344","76.6%","50.8%","9.4%","90.7","3.62","3.85","3.82","4.03","0.1","7803"
"Lou Trivino","- - -","2","8","10","51","0","42.0","11.36","4.29","1.07",".400","69.6%","53.3%","15.6%","95.7","5.14","4.24","3.79","3.36","0.1","15043"
"Daniel Castano","MIA","1","3","0","10","7","35.2","5.05","2.27","1.26",".308","71.7%","45.9%","14.3%","91.7","4.04","4.79","4.75","4.37","0.1","19805"
"Hirokazu Sawamura","BOS","1","1","0","48","0","49.2","7.07","4.53","0.72",".257","76.2%","52.1%","9.5%","96.1","3.26","4.18","4.11","4.30","0.1","27515"
"Paolo Espino","WSN","0","6","0","34","14","91.0","6.82","1.88","1.68",".296","77.2%","37.7%","13.6%","88.5","4.35","4.79","4.73","4.31","0.1","8246"
"Ryan Tepera","LAA","2","2","2","46","0","45.0","6.60","3.60","0.80",".214","66.1%","41.9%","8.2%","92.8","3.80","3.30","4.15","4.59","0.1","10291"
"Steven Okert","MIA","5","1","0","51","0","44.0","11.66","3.68","1.43",".221","92.2%","34.0%","15.6%","93.6","2.45","3.00","4.17","3.60","0.0","13580"
"Trevor Gott","MIL","2","2","0","38","0","38.0","9.47","2.37","1.42",".232","64.4%","42.0%","14.6%","95.4","4.03","2.84","4.10","3.63","0.0","15046"
"Josh Staumont","KCR","3","3","3","42","0","37.2","10.27","6.93","0.72",".340","62.1%","30.4%","6.7%","96.3","6.45","4.96","4.27","4.98","0.0","18335"
"Jonathan Loaisiga","NYY","1","3","1","36","0","31.0","7.55","4.35","0.87",".297","61.3%","52.1%","12.0%","97.6","5.52","4.27","4.16","4.08","0.0","19753"
"Mychal Givens","- - -","6","3","2","51","0","50.0","10.98","3.60","1.44",".325","74.0%","41.2%","15.4%","93.6","4.14","3.71","4.21","3.65","0.0","10430"
"Robert Stephenson","COL","2","1","0","45","0","44.2","7.46","2.62","1.61",".324","58.4%","29.5%","11.8%","96.9","6.04","4.92","4.67","4.57","0.0","13594"
"Jarlin Garcia","SFG","1","3","0","45","0","46.2","7.91","2.51","1.35",".278","72.0%","41.3%","11.5%","93.6","3.09","4.24","4.15","4.12","0.0","18282"
"Wily Peralta","DET","2","0","0","28","1","38.1","7.51","5.63","0.47",".294","83.6%","46.4%","5.6%","95.5","2.58","4.13","4.09","4.79","0.0","7738"
"Sam Moll","OAK","2","1","0","47","0","38.2","9.78","4.42","1.16",".253","83.7%","49.0%","13.9%","","2.79","2.80","4.19","3.87","0.0","14874"
"Ian Kennedy","ARI","4","6","8","46","0","41.1","8.06","3.48","1.31",".261","78.5%","21.8%","9.4%","93.2","3.27","4.92","4.38","4.76","0.0","6986"
"Andres Machado","WSN","1","0","0","38","0","43.1","7.68","3.95","1.04",".290","66.1%","46.3%","10.6%","96.0","4.57","4.60","4.30","4.39","0.0","14681"
"Tyler Matzek","ATL","3","2","1","31","0","31.1","7.18","4.88","0.57",".205","65.3%","33.7%","4.8%","94.3","3.16","4.27","4.18","5.31","0.0","10058"
"Andrew Wantz","LAA","1","0","0","30","1","36.0","8.25","3.50","1.25",".237","83.3%","28.9%","10.0%","93.7","3.00","4.18","4.43","4.66","0.0","24933"
"Brandon Hughes","CHC","2","1","3","41","0","43.0","12.14","2.93","1.67",".239","85.1%","35.7%","20.0%","93.2","3.14","3.02","4.24","3.18","0.0","23460"
"Bryse Wilson","PIT","2","8","0","18","15","79.1","6.01","2.27","1.70",".317","60.8%","44.0%","16.0%","93.2","6.01","5.47","5.19","4.47","0.0","19990"
"Tyler Alexander","DET","3","8","0","20","10","63.1","4.69","2.13","1.42",".284","67.6%","36.4%","11.2%","90.1","4.83","5.55","4.85","4.85","0.0","17735"
"Corey Knebel","PHI","3","5","12","46","0","44.2","8.26","5.64","0.81",".244","71.4%","39.3%","8.5%","95.8","3.43","3.74","4.47","4.84","-0.1","15010"
"Garrett Hill","DET","3","3","0","9","8","45.2","4.93","3.74","1.18",".238","74.6%","39.2%","9.2%","91.6","3.94","5.80","5.18","5.56","-0.1","25097"
"Trent Thornton","TOR","0","2","0","31","0","44.0","7.36","3.27","1.43",".270","76.3%","32.6%","12.7%","93.8","4.30","5.30","4.72","4.48","-0.1","17948"
"Domingo Acevedo","OAK","3","2","0","57","0","57.0","7.42","2.05","1.26",".217","78.6%","39.5%","12.5%","93.1","3.32","3.66","4.14","3.96","-0.1","17092"
"Dylan Coleman","KCR","3","1","0","53","0","52.1","9.46","5.85","0.86",".237","78.8%","39.7%","9.1%","97.8","2.75","4.10","4.39","4.68","-0.1","22276"
"Joey Krehbiel","BAL","4","4","1","45","0","46.1","6.80","2.72","1.17",".241","78.9%","43.9%","11.5%","94.4","2.91","3.61","4.33","4.29","-0.1","13707"
"Yunior Marte","SFG","0","1","0","27","0","33.2","8.02","3.74","0.80",".333","57.9%","52.0%","12.0%","97.7","6.15","4.27","4.28","4.21","-0.1","14416"
"Phil Bickford","LAD","2","1","0","50","0","48.0","9.00","2.44","1.69",".286","67.5%","39.8%","15.0%","94.0","5.25","3.96","4.50","3.89","-0.1","18519"
"Drew Smith","NYM","2","3","0","37","0","41.0","10.32","3.07","1.76",".255","86.6%","34.0%","14.8%","95.9","3.51","3.96","4.39","3.78","-0.1","17755"
"Jose Ruiz","CHW","1","0","0","52","0","49.2","9.79","4.71","1.27",".292","73.5%","42.3%","13.0%","97.1","4.53","4.39","4.35","4.11","-0.1","14552"
"Josh Winckowski","BOS","5","7","0","13","13","63.1","5.40","3.27","1.42",".314","67.8%","50.5%","14.9%","93.6","5.83","4.99","5.16","4.66","-0.1","22387"
"Dillon Peters","PIT","5","2","0","22","4","39.1","5.95","3.89","1.14",".256","71.1%","43.0%","10.4%","93.1","4.58","4.51","4.75","4.89","-0.1","18790"
"Jason Alexander","MIL","2","1","0","14","7","53.0","4.75","3.57","1.19",".320","67.8%","51.6%","13.5%","93.3","5.26","5.30","5.09","4.81","-0.1","19666"
"Mark Leiter","CHC","2","5","1","24","4","54.0","9.67","3.17","1.67",".235","74.5%","49.6%","21.3%","91.3","4.33","4.04","4.72","3.58","-0.1","15551"
"Zach Thompson","PIT","3","10","0","24","21","104.2","6.36","3.61","1.63",".300","69.6%","46.6%","17.0%","92.4","5.33","5.19","5.33","4.54","-0.1","16094"
"Reiver Sanmartin","CIN","4","4","0","32","4","42.1","6.80","3.83","1.49",".374","61.0%","54.5%","16.7%","90.8","7.23","4.24","5.04","4.34","-0.1","19754"
"Bailey Falter","PHI","2","3","0","13","9","51.0","8.12","2.29","2.12",".275","78.5%","29.3%","16.7%","91.9","4.41","4.92","5.50","4.51","-0.1","20070"
"Tyler Beede","- - -","1","4","0","28","5","55.1","6.02","4.39","0.98",".293","71.1%","48.1%","10.2%","95.9","4.88","4.36","4.88","5.03","-0.1","16981"
"Steve Cishek","WSN","1","4","1","56","0","53.1","10.63","3.88","1.35",".277","77.8%","44.4%","15.7%","89.3","4.05","4.18","4.63","4.07","-0.1","6483"
"Joe Barlow","TEX","3","1","13","31","0","31.1","6.89","2.59","1.15",".230","72.4%","35.6%","9.5%","94.9","3.16","5.09","4.40","4.70","-0.1","22296"
"Ryan Pepiot","LAD","2","0","0","7","7","31.1","10.34","6.32","1.72",".229","85.5%","21.3%","12.8%","94.1","4.02","4.54","5.71","5.42","-0.1","26221"
"Glenn Otto","TEX","6","8","0","20","20","99.2","6.68","4.88","1.17",".253","71.3%","45.7%","12.4%","92.5","4.79","5.40","5.29","5.14","-0.1","21366"
"Craig Stammen","SDP","1","1","0","27","0","32.1","7.52","1.39","1.67",".278","82.3%","51.5%","18.8%","93.4","3.34","3.45","4.52","3.55","-0.1","7274"
"Jeurys Familia","- - -","1","1","0","43","0","39.2","9.08","4.08","1.36",".407","69.7%","48.0%","15.4%","95.7","5.67","4.45","4.51","3.98","-0.1","5114"
"Mike Minor","CIN","3","10","0","15","15","79.2","7.46","3.28","2.15",".306","69.3%","34.4%","15.4%","90.4","6.10","4.18","5.89","5.05","-0.1","10021"
"Jake McGee","- - -","1","3","3","37","0","33.0","6.27","2.18","1.64",".299","55.9%","27.4%","9.7%","94.5","6.55","5.33","4.82","5.21","-0.2","7550"
"Art Warren","CIN","2","3","3","34","0","32.0","9.56","5.06","1.41",".301","61.9%","36.4%","12.8%","93.9","6.47","4.48","4.81","4.57","-0.2","18251"
"Albert Abreu","- - -","2","2","0","32","0","38.0","9.00","5.21","1.18",".284","84.6%","51.9%","15.6%","98.2","3.32","4.36","4.81","4.33","-0.2","17485"
"Zack Littell","SFG","1","2","1","31","0","36.1","8.17","1.98","1.73",".277","78.9%","43.0%","15.6%","94.4","4.21","3.38","4.56","3.86","-0.2","15823"
"Tucker Davidson","- - -","2","4","0","7","6","30.1","4.75","6.53","0.89",".280","66.3%","43.1%","8.3%","93.3","6.23","5.30","5.63","6.08","-0.2","19871"
"John King","TEX","1","3","0","31","0","34.2","6.23","3.38","1.04",".322","70.9%","64.1%","16.7%","","4.67","4.10","4.45","3.97","-0.2","22051"
"Carlos Hernandez","KCR","0","3","0","13","7","42.2","5.27","4.85","1.27",".351","59.0%","40.0%","9.5%","96.5","8.02","5.69","5.47","5.80","-0.2","22713"
"Oliver Ortega","LAA","1","3","1","27","0","34.0","8.74","4.76","1.32",".297","75.0%","49.5%","20.0%","96.2","3.71","5.02","4.77","3.94","-0.2","21025"
"Jose Urena","- - -","2","5","0","14","10","58.2","4.76","4.76","1.38",".296","62.1%","50.2%","14.8%","96.3","5.98","5.55","5.65","5.18","-0.2","11589"
"Hunter Strickland","CIN","3","3","7","52","0","48.0","8.25","5.44","1.13",".304","70.1%","33.3%","9.5%","95.4","5.25","5.80","5.17","5.46","-0.2","7836"
"Devin Smeltzer","MIN","4","2","0","14","12","67.2","5.19","2.53","1.73",".250","82.1%","39.0%","13.5%","89.4","3.86","4.48","5.36","4.94","-0.2","19487"
"Tyler Danish","BOS","2","1","0","26","0","31.1","7.18","2.30","1.44",".239","74.2%","43.0%","16.7%","91.7","4.02","5.80","4.75","4.08","-0.2","15126"
"Jhoulys Chacin","COL","4","2","0","33","0","45.0","7.20","3.80","1.40",".322","46.7%","38.3%","12.1%","92.9","8.00","4.70","4.95","4.81","-0.2","2608"
"Rowan Wick","CHC","4","7","8","52","0","53.1","9.11","4.05","1.35",".385","71.6%","45.8%","16.3%","94.9","4.73","5.23","4.46","3.85","-0.2","14646"
"Phil Maton","HOU","0","2","0","53","0","51.0","9.53","3.35","1.41",".304","70.5%","38.6%","15.4%","91.1","4.24","4.89","4.58","4.03","-0.2","18064"
"Trevor Richards","TOR","3","1","0","48","0","48.2","11.28","4.99","1.66",".298","73.6%","36.1%","16.1%","93.4","4.81","4.67","4.75","4.03","-0.2","19309"
"Mike Mayers","LAA","1","0","0","19","1","34.1","8.39","3.15","2.10",".250","82.8%","30.0%","15.7%","93.7","4.46","4.39","5.51","4.66","-0.2","15451"
"Aroldis Chapman","NYY","2","3","9","36","0","30.2","10.27","6.46","1.17",".243","73.6%","33.8%","10.8%","97.6","4.70","4.76","4.79","4.86","-0.3","10233"
"Austin Pruitt","OAK","0","1","1","27","0","37.2","6.45","1.91","1.67",".254","62.5%","41.3%","13.7%","91.6","4.78","4.42","4.82","4.39","-0.3","15290"
"Zach Logue","OAK","3","8","0","11","10","50.2","6.75","3.02","1.95",".281","66.0%","29.0%","13.1%","90.2","6.04","5.73","5.57","5.18","-0.3","20231"
"Josiah Gray","WSN","7","8","0","23","23","123.1","10.22","3.87","2.34",".255","83.6%","31.4%","19.0%","94.4","4.67","4.07","5.66","4.28","-0.3","24580"
"Michael Pineda","DET","2","6","0","10","10","42.2","4.85","1.27","2.32",".293","75.1%","39.1%","17.2%","90.1","5.27","6.11","5.82","4.66","-0.3","5372"
"Emilio Pagan","MIN","4","6","9","48","0","49.1","11.86","3.28","2.01",".336","69.6%","40.5%","20.4%","95.5","4.93","4.15","4.48","3.19","-0.3","14771"
"Sammy Long","SFG","1","3","1","28","6","42.1","7.02","2.98","1.70",".248","72.4%","39.2%","13.6%","94.5","3.61","4.27","5.09","4.67","-0.3","25379"
"Jake Bird","COL","1","4","0","27","0","31.0","7.26","5.52","1.16",".278","70.5%","53.3%","19.0%","","4.65","5.40","5.32","4.63","-0.3","21267"
"Tyler Gilbert","ARI","0","3","0","8","7","34.1","5.24","2.62","2.10",".234","70.1%","32.7%","15.4%","89.3","5.24","6.72","5.95","5.14","-0.3","17964"
"Ralph Garza","TBR","2","2","0","19","0","35.0","4.37","4.11","1.03",".298","83.3%","41.0%","10.5%","91.2","3.34","5.62","5.18","5.29","-0.3","17682"
"T.J. McFarland","STL","0","0","0","28","0","32.2","4.41","3.03","1.38",".333","60.4%","53.0%","16.7%","","6.61","6.11","5.33","4.68","-0.4","3237"
"James Kaprielian","OAK","3","8","0","21","21","103.1","6.36","4.35","1.31",".261","71.8%","37.3%","10.2%","94.0","4.88","4.79","5.23","5.42","-0.4","18331"
"Dauri Moreta","CIN","0","2","1","31","1","31.2","9.09","2.56","2.56",".238","66.9%","32.6%","20.5%","96.2","5.97","3.98","6.03","4.37","-0.4","21101"
"Luis Cessa","CIN","3","2","0","39","3","43.2","6.60","3.30","1.85",".297","70.0%","54.1%","23.7%","94.1","5.36","5.02","5.51","4.10","-0.4","13345"
"Jon Heasley","KCR","1","7","0","14","14","65.2","6.58","4.52","1.78",".282","72.9%","36.4%","13.8%","93.7","5.21","5.95","5.88","5.40","-0.4","22224"
"Bruce Zimmermann","BAL","2","5","0","14","13","67.2","6.12","1.46","2.39",".329","71.6%","38.5%","19.1%","90.9","5.85","6.59","5.80","4.38","-0.4","20370"
"Dallas Keuchel","- - -","2","8","0","13","13","56.0","6.27","4.50","1.77",".376","53.2%","50.2%","18.3%","87.8","8.84","5.19","5.79","4.80","-0.5","9434"
"Bryan Shaw","CLE","6","2","1","48","2","44.2","7.86","4.23","1.41",".279","70.4%","52.9%","17.5%","94.2","5.24","4.70","5.10","4.37","-0.5","8110"
"Tyler Duffey","MIN","2","4","2","40","0","44.0","7.98","3.07","1.64",".303","74.3%","44.6%","23.5%","92.3","4.91","5.51","4.81","3.57","-0.5","13758"
"Jharel Cotton","MIN","2","2","0","25","0","35.0","7.97","4.11","1.80",".182","89.7%","29.5%","13.5%","92.9","2.83","3.79","5.50","5.07","-0.5","13654"
"Vladimir Gutierrez","CIN","1","6","0","10","8","36.2","7.12","5.89","1.96",".339","69.4%","33.6%","14.0%","93.0","7.61","5.73","6.83","6.27","-0.5","19278"
"Noe Ramirez","ARI","4","4","0","53","0","48.0","9.38","4.50","1.50",".292","69.7%","37.6%","15.4%","89.7","4.88","4.07","4.90","4.32","-0.5","12800"
"Kirby Snead","OAK","1","0","0","34","0","33.1","7.02","5.40","1.35",".346","71.4%","41.4%","11.4%","93.7","6.21","5.16","5.41","5.39","-0.5","19179"
"Will Smith","- - -","0","1","5","52","0","47.0","9.77","4.40","1.72",".295","72.4%","34.8%","14.3%","92.1","4.21","3.85","5.04","4.51","-0.5","8048"
"Daniel Norris","- - -","0","4","0","31","3","41.2","10.80","5.62","1.94",".260","64.3%","46.2%","25.7%","91.7","5.83","4.96","5.91","4.33","-0.5","13475"
"Anibal Sanchez","WSN","0","5","0","8","8","39.1","6.41","4.12","2.52",".236","74.5%","37.5%","20.0%","89.8","5.72","4.51","6.86","5.27","-0.5","3284"
"Colin Poche","TBR","4","1","7","47","0","44.0","8.80","3.48","1.84",".198","85.2%","32.8%","15.5%","93.5","2.86","3.33","5.06","4.33","-0.5","19403"
"Adam Oller","OAK","2","6","0","17","12","68.1","5.27","4.48","1.71",".266","68.3%","33.0%","11.3%","93.6","5.66","6.07","6.01","6.00","-0.7","20132"
"Spencer Howard","TEX","2","4","0","10","8","37.2","7.65","3.58","2.87",".319","67.1%","39.2%","22.2%","94.4","7.41","5.51","6.84","4.80","-0.7","23252"
"Caleb Smith","ARI","1","1","0","31","1","48.1","8.57","5.40","2.05",".267","80.9%","32.1%","15.1%","92.0","4.66","4.01","6.04","5.29","-0.7","14875"
"Jake Diekman","- - -","5","3","1","56","0","46.2","12.34","7.33","1.35",".303","75.1%","39.6%","17.1%","95.8","4.44","4.48","5.29","4.63","-0.7","5003"
"Matt Swarmer","CHC","2","3","0","11","5","34.0","9.53","5.29","3.18",".247","74.6%","35.1%","27.3%","90.6","5.03","5.65","7.36","4.67","-0.8","19705"
"Genesis Cabrera","STL","4","2","1","39","0","44.2","6.45","4.03","1.61",".238","75.3%","44.2%","16.7%","96.2","4.63","4.92","5.63","4.88","-0.8","17490"
"Yusei Kikuchi","TOR","4","7","0","23","20","87.0","10.34","5.59","2.17",".278","71.9%","44.8%","23.6%","94.9","5.38","6.07","6.10","4.46","-0.8","20633"
"Elieser Hernandez","MIA","3","6","0","19","9","58.1","8.79","3.39","2.93",".275","70.5%","27.7%","18.8%","91.6","6.33","4.96","6.74","5.04","-1.1","16933"
