"Name","Team","G","PA","HR","R","RBI","SB","BB%","K%","ISO","BABIP","AVG","OBP","SLG","wOBA","xwOBA","wRC+","BsR","Off","Def","WAR","playerid"
"Aaron Judge","NYY","123","543","49","101","109","14","13.6%","25.0%",".365",".312",".295",".396",".661",".440",".457","196","0.9","59.1","0.8","8.0","15640"
"Paul Goldschmidt","STL","120","525","33","92","105","5","12.2%","20.8%",".294",".383",".338",".423",".633",".448",".376","195","2.4","60.9","-12.7","6.9","9218"
"Nolan Arenado","STL","117","496","27","62","84","3","8.5%","12.5%",".264",".304",".306",".371",".570",".400",".342","162","-1.5","34.9","12.8","6.8","9777"
"Mookie Betts","LAD","107","495","30","98","67","12","8.7%","16.4%",".273",".278",".278",".347",".551",".384",".350","150","3.4","32.6","7.4","6.0","13611"
"Freddie Freeman","LAD","125","558","16","89","80","10","10.4%","14.7%",".192",".360",".325",".398",".517",".392",".403","155","5.5","41.8","-6.3","5.7","5361"
"Manny Machado","SDP","117","503","22","78","77","7","10.1%","19.7%",".220",".339",".298",".370",".519",".379",".337","148","3.0","31.4","5.0","5.6","11493"
"Jose Ramirez","CLE","121","523","26","72","106","14","9.6%","10.3%",".268",".272",".285",".356",".553",".381",".334","153","3.8","34.5","1.2","5.5","13510"
"Francisco Lindor","NYM","127","559","21","80","85","14","9.5%","19.0%",".179",".296",".266",".343",".445",".343",".336","126","3.9","21.1","11.0","5.4","12916"
"Dansby Swanson","ATL","128","548","16","83","73","16","7.3%","26.3%",".155",".374",".289",".343",".444",".344",".336","118","3.6","15.1","16.1","5.2","18314"
"Trea Turner","LAD","125","554","18","81","86","20","6.3%","18.1%",".179",".355",".312",".355",".491",".364",".351","137","3.6","27.7","2.3","5.1","16252"
"Yordan Alvarez","HOU","109","452","31","78","80","1","14.2%","19.5%",".302",".303",".294",".398",".597",".417",".452","179","-1.0","39.2","-7.6","4.8","19556"
"Austin Riley","ATL","126","550","31","74","83","2","7.6%","23.6%",".268",".329",".287",".356",".555",".390",".389","149","-1.3","30.3","-3.4","4.8","18360"
"Rafael Devers","BOS","109","477","25","69","65","2","6.7%","17.8%",".252",".320",".297",".354",".549",".382",".367","148","0.9","26.6","3.0","4.7","17350"
"J.T. Realmuto","PHI","108","439","14","59","64","16","7.3%","21.2%",".188",".317",".270",".337",".458",".345",".343","121","4.6","15.3","14.3","4.7","11739"
"Jeff McNeil","NYM","114","444","7","55","49","2","6.3%","12.4%",".140",".357",".322",".374",".462",".365",".316","141","3.2","24.6","4.7","4.6","15362"
"Andres Gimenez","CLE","112","417","15","49","60","15","5.5%","20.4%",".189",".354",".302",".366",".491",".371",".339","145","2.3","23.5","7.1","4.6","19950"
"Xander Bogaerts","BOS","120","503","11","69","53","7","8.9%","19.7%",".146",".359",".299",".370",".445",".356",".315","130","3.7","20.4","7.0","4.5","12161"
"Alex Bregman","HOU","123","521","19","77","75","1","12.9%","12.3%",".206",".272",".268",".369",".474",".366",".351","143","-1.5","23.6","3.0","4.5","17678"
"Sean Murphy","OAK","117","480","16","53","53","1","9.0%","20.2%",".190",".291",".254",".334",".443",".338",".349","128","-2.1","13.0","12.9","4.3","19352"
"Jose Altuve","HOU","110","473","21","72","45","12","10.6%","14.6%",".222",".298",".285",".372",".507",".381",".348","154","-2.6","25.7","-0.8","4.2","5417"
"Tommy Edman","STL","123","513","9","81","43","26","7.6%","18.1%",".120",".297",".252",".314",".372",".303",".306","97","6.9","4.9","16.9","4.1","19470"
"Mike Trout","LAA","87","359","27","58","56","1","11.4%","29.8%",".326",".318",".268",".362",".594",".402",".393","166","-0.6","25.8","2.2","4.1","10155"
"Byron Buxton","MIN","92","382","28","61","51","6","8.9%","30.4%",".303",".244",".224",".306",".526",".356",".358","137","4.2","20.0","6.6","4.0","14161"
"Jose Trevino","NYY","92","282","10","37","37","2","4.6%","16.7%",".158",".295",".271",".309",".429",".321",".287","111","0.2","3.8","24.8","3.9","16725"
"Brandon Nimmo","NYM","119","532","12","77","44","0","9.8%","16.7%",".154",".304",".265",".357",".420",".343",".340","126","-1.2","15.2","4.1","3.9","12927"
"Corey Seager","TEX","120","528","26","71","64","3","9.5%","15.2%",".208",".254",".255",".331",".463",".340",".381","124","1.7","16.1","4.7","3.9","13624"
"Kyle Tucker","HOU","117","475","22","56","82","19","10.5%","15.8%",".213",".266",".258",".335",".472",".349",".365","131","3.1","19.5","0.7","3.7","18345"
"Adley Rutschman","BAL","78","324","8","52","25","2","13.9%","16.7%",".191",".286",".254",".364",".445",".355",".344","135","3.6","16.3","8.4","3.6","26288"
"Eugenio Suarez","SEA","126","529","24","62","72","0","12.5%","32.1%",".217",".303",".228",".335",".446",".342",".334","130","-2.0","15.6","2.1","3.6","12552"
"Jake Cronenworth","SDP","125","547","13","74","66","2","10.8%","19.6%",".148",".283",".241",".342",".389",".324",".305","111","5.3","12.3","3.0","3.6","18036"
"Will Smith","LAD","107","452","18","54","73","1","10.6%","16.2%",".198",".288",".270",".356",".468",".358",".364","132","-0.8","16.4","2.0","3.5","19197"
"Julio Rodriguez","SEA","110","467","21","65","65","23","6.6%","27.0%",".206",".330",".266",".325",".472",".343",".328","131","3.4","19.5","-0.5","3.5","23697"
"George Springer","TOR","99","426","18","65","56","11","9.4%","18.1%",".206",".300",".275",".351",".481",".360",".339","138","4.7","22.9","-2.6","3.5","12856"
"Nico Hoerner","CHC","112","426","7","41","41","15","5.9%","11.3%",".114",".314",".289",".338",".403",".324",".306","107","1.7","5.4","13.6","3.5","21479"
"Jose Abreu","CHW","125","542","14","69","60","0","10.0%","16.2%",".149",".351",".308",".384",".456",".368",".376","143","-0.9","25.1","-8.6","3.5","15676"
"DJ LeMahieu","NYY","113","493","12","72","45","4","12.6%","13.2%",".127",".300",".275",".371",".402",".345",".357","129","-3.2","12.6","4.8","3.4","9874"
"Alejandro Kirk","TOR","112","423","12","51","48","0","11.3%","10.6%",".144",".312",".300",".383",".444",".363",".363","141","-5.5","13.6","5.7","3.4","22581"
"Michael Harris II","ATL","81","308","13","55","45","15","4.9%","26.3%",".219",".361",".288",".334",".507",".363",".345","131","4.6","15.8","5.8","3.4","25931"
"Gavin Lux","LAD","110","400","6","60","39","7","11.0%","18.8%",".142",".360",".297",".373",".439",".355",".331","131","3.4","18.0","0.3","3.3","19955"
"Juan Soto","- - -","120","521","23","77","50","6","20.7%","14.0%",".227",".259",".254",".413",".482",".392",".415","153","-3.0","29.4","-15.4","3.3","20123"
"Willy Adames","MIL","103","454","26","63","75","5","8.4%","26.9%",".238",".251",".226",".291",".465",".325",".317","108","0.8","4.9","11.2","3.3","15986"
"Matt Chapman","TOR","119","470","24","66","62","2","9.4%","28.1%",".226",".278",".233",".315",".459",".336",".353","121","2.1","13.3","3.2","3.3","16505"
"Christian Walker","ARI","123","511","30","64","72","0","11.5%","18.6%",".250",".218",".227",".323",".477",".344",".372","119","0.6","12.3","0.2","3.1","13419"
"Daulton Varsho","ARI","116","462","18","59","58","8","8.4%","23.6%",".192",".278",".238",".309",".431",".322",".312","104","0.8","3.2","10.3","3.1","19918"
"Adolis Garcia","TEX","122","522","21","72","79","21","5.6%","28.4%",".198",".325",".258",".303",".456",".326",".323","115","5.9","14.3","-1.4","3.1","19287"
"Steven Kwan","CLE","112","473","3","67","35","12","9.9%","9.5%",".094",".328",".300",".375",".394",".341",".307","124","1.3","14.0","0.3","3.0","24610"
"Matt Olson","ATL","128","563","27","69","87","0","10.8%","23.1%",".246",".292",".256",".339",".502",".360",".350","129","-1.4","17.6","-8.1","3.0","14344"
"Ha-seong Kim","SDP","117","448","7","45","49","9","9.2%","17.4%",".128",".304",".259",".333",".387",".319",".310","107","0.3","4.3","9.0","3.0","27506"
"Willson Contreras","CHC","104","454","20","62","52","4","9.3%","21.6%",".220",".273",".243",".350",".463",".356",".365","129","-1.9","13.9","-0.9","3.0","11609"
"Yandy Diaz","TBR","113","469","8","60","47","2","14.1%","10.4%",".131",".302",".280",".388",".411",".357",".358","141","-4.1","17.5","-3.7","3.0","16578"
"Ian Happ","CHC","124","506","15","57","62","7","9.5%","23.3%",".182",".344",".278",".352",".460",".352",".313","126","0.1","15.7","-4.9","2.9","17919"
"Vladimir Guerrero Jr.","TOR","124","540","26","71","78","4","8.7%","16.3%",".219",".297",".282",".350",".501",".365",".367","142","-4.8","20.4","-9.6","2.9","19611"
"Cedric Mullins II","BAL","122","533","11","68","49","27","7.3%","17.6%",".138",".308",".267",".328",".404",".321",".298","111","2.7","9.2","1.3","2.8","17929"
"Jonah Heim","TEX","101","372","13","46","43","2","10.2%","19.6%",".184",".271",".242",".320",".426",".326",".300","115","-1.6","4.4","11.0","2.8","16930"
"Travis d'Arnaud","ATL","82","330","14","47","50","0","4.8%","20.0%",".206",".296",".265",".318",".471",".342",".308","117","-2.0","4.6","11.0","2.8","7739"
"Luis Arraez","MIN","112","472","7","70","41","4","9.5%","7.4%",".109",".334",".319",".386",".428",".358",".334","138","0.7","20.9","-8.9","2.8","18568"
"Pete Alonso","NYM","127","544","31","72","105","3","9.2%","19.7%",".244",".286",".273",".349",".517",".363",".355","140","-2.7","22.8","-14.9","2.8","19251"
"Josh Rojas","ARI","94","389","7","53","42","17","10.5%","18.0%",".126",".333",".282",".358",".409",".336",".308","114","7.0","13.4","-0.4","2.8","19734"
"Starling Marte","NYM","110","479","14","72","59","18","5.2%","19.2%",".172",".342",".292",".347",".464",".353",".334","133","0.2","18.9","-9.0","2.7","9241"
"Shohei Ohtani","LAA","123","523","27","70","75","11","12.0%","24.3%",".247",".301",".260",".354",".508",".364",".382","139","0.1","22.7","-12.9","2.7","19755"
"Bryce Harper","PHI","66","283","15","50","50","9","9.9%","18.4%",".274",".346",".319",".389",".593",".410",".420","165","0.3","21.9","-5.6","2.7","11579"
"Cal Raleigh","SEA","94","324","18","32","43","1","8.6%","30.2%",".251",".230",".203",".275",".454",".313",".303","110","-1.1","2.4","13.2","2.7","21534"
"Carlos Correa","MIN","101","436","15","52","43","0","10.8%","20.4%",".162",".318",".274",".353",".436",".345",".357","129","-3.6","10.5","1.5","2.7","14162"
"Ryan McMahon","COL","121","478","13","52","58","7","10.9%","25.7%",".155",".322",".251",".337",".406",".328",".335","96","1.7","-0.3","9.3","2.7","15112"
"Marcus Semien","TEX","125","563","20","74","63","19","7.8%","16.2%",".172",".247",".237",".297",".408",".306",".295","100","6.6","6.8","0.8","2.6","12533"
"Jurickson Profar","SDP","120","525","12","68","48","5","12.2%","15.2%",".148",".270",".243",".340",".391",".325",".322","112","0.5","7.9","-0.9","2.6","10815"
"Jazz Chisholm Jr.","MIA","60","241","14","39","45","12","8.7%","27.4%",".282",".294",".254",".325",".535",".365",".345","138","3.1","13.9","2.4","2.6","20454"
"Taylor Ward","LAA","101","427","17","54","46","3","11.5%","23.0%",".186",".309",".261",".351",".447",".350",".346","129","0.0","13.7","-2.6","2.6","17548"
"Ke'Bryan Hayes","PIT","107","450","6","44","35","14","8.7%","22.0%",".108",".314",".248",".318",".356",".301",".304","91","1.6","-3.1","11.8","2.5","18577"
"Mark Canha","NYM","107","405","10","56","50","2","9.9%","17.8%",".142",".327",".280",".380",".422",".357",".317","135","-0.1","16.7","-6.6","2.5","11445"
"Jorge Mateo","BAL","118","424","12","52","43","28","5.0%","28.3%",".170",".298",".229",".276",".399",".294",".283","92","5.4","1.5","9.0","2.5","17273"
"Andrew Benintendi","- - -","121","503","4","52","50","8","10.3%","14.7%",".090",".354",".305",".376",".395",".343",".334","123","-0.6","12.5","-4.5","2.5","17901"
"Luis Robert","CHW","88","378","12","54","56","11","4.5%","18.3%",".151",".343",".300",".336",".451",".342",".340","124","4.7","15.1","-3.1","2.5","20043"
"Rhys Hoskins","PHI","126","539","26","67","65","2","11.5%","24.3%",".224",".287",".247",".340",".471",".353",".351","126","-1.1","15.4","-10.9","2.4","16472"
"Jeremy Pena","HOU","104","423","16","52","45","7","4.5%","24.8%",".168",".289",".244",".284",".412",".302",".298","97","1.6","0.3","9.0","2.4","21636"
"Dylan Carlson","STL","106","418","8","47","39","5","8.6%","18.4%",".151",".285",".245",".318",".395",".314",".301","104","3.6","5.6","2.5","2.3","20126"
"Anthony Rizzo","NYY","113","477","28","69","69","6","11.1%","19.1%",".260",".216",".223",".338",".483",".353",".352","134","-1.6","16.5","-9.0","2.3","3473"
"Bo Bichette","TOR","123","537","17","65","66","8","5.6%","25.1%",".162",".321",".259",".300",".422",".314",".317","105","-1.3","1.9","3.7","2.3","19612"
"Matt Carpenter","NYY","47","154","15","28","37","0","12.3%","22.7%",".422",".304",".305",".412",".727",".472",".362","219","-0.9","19.6","-2.5","2.3","8090"
"Brandon Drury","- - -","114","473","23","73","74","2","7.0%","22.0%",".227",".292",".262",".319",".488",".348",".312","119","-2.7","7.7","-1.9","2.3","11615"
"Josh Bell","- - -","125","530","16","67","63","0","11.9%","14.7%",".181",".303",".280",".369",".460",".360",".359","131","-5.4","14.0","-10.8","2.2","13145"
"Santiago Espinal","TOR","116","434","7","44","44","5","6.9%","15.0%",".110",".303",".268",".319",".378",".306",".301","100","-1.1","-1.0","8.3","2.2","19997"
"Bobby Witt Jr.","KCR","117","485","18","64","64","26","4.7%","21.9%",".192",".292",".254",".297",".447",".320",".319","106","5.4","8.9","-3.3","2.2","25764"
"Amed Rosario","CLE","119","518","8","69","51","12","4.4%","15.6%",".122",".328",".286",".320",".408",".318",".312","108","1.3","5.7","-1.3","2.2","15518"
"Jon Berti","MIA","71","275","2","34","20","31","12.0%","22.2%",".100",".345",".264",".356",".364",".324",".317","110","6.0","9.2","1.6","2.1","12037"
"Christian Yelich","MIL","120","525","10","81","42","16","13.0%","23.8%",".127",".338",".260",".361",".387",".332",".344","112","4.6","12.1","-10.0","2.1","11477"
"Nathaniel Lowe","TEX","121","496","21","59","64","2","6.7%","23.0%",".193",".359",".299",".349",".492",".363",".348","141","-2.6","20.1","-16.0","2.1","19566"
"William Contreras","ATL","71","279","17","40","37","2","10.4%","26.2%",".256",".325",".276",".351",".532",".379",".356","142","-1.2","12.6","-2.5","2.0","20503"
"Kyle Schwarber","PHI","121","519","35","79","73","6","12.3%","30.8%",".278",".237",".213",".314",".491",".345",".374","121","-1.5","11.2","-9.4","2.0","16478"
"Tim Anderson","CHW","79","351","6","50","25","13","4.0%","15.7%",".093",".347",".301",".339",".395",".323",".341","111","2.7","7.1","1.4","2.0","15172"
"Ronald Acuna Jr.","ATL","91","411","10","57","35","25","10.9%","22.9%",".133",".344",".274",".367",".407",".343",".372","117","4.6","13.0","-7.7","2.0","18401"
"Jace Peterson","MIL","82","244","8","34","30","10","9.0%","25.4%",".185",".311",".250",".322",".435",".328",".312","110","2.8","5.7","5.0","2.0","12325"
"Anthony Santander","BAL","118","503","23","59","73","0","8.3%","18.1%",".200",".275",".258",".336",".458",".346",".348","129","0.2","16.3","-13.1","2.0","14551"
"Jorge Polanco","MIN","104","445","16","54","56","3","14.4%","21.3%",".171",".269",".235",".346",".405",".333",".360","120","0.4","10.6","-6.1","1.9","13152"
"Trevor Story","BOS","82","345","15","50","58","10","8.1%","30.7%",".200",".280",".223",".290",".423",".305",".298","93","3.3","0.8","6.6","1.9","12564"
"Max Kepler","MIN","103","409","9","47","42","3","11.5%","14.9%",".127",".251",".229",".325",".357",".305",".344","101","0.0","0.3","5.1","1.9","12144"
"Teoscar Hernandez","TOR","100","405","18","51","59","6","6.4%","28.9%",".212",".331",".260",".311",".472",".339",".342","123","-1.7","8.8","-3.3","1.9","13066"
"Ty France","SEA","107","469","14","44","62","0","6.2%","15.1%",".146",".300",".275",".344",".421",".335",".322","125","-1.3","11.8","-8.5","1.9","17982"
"Randy Arozarena","TBR","121","508","17","54","67","24","7.7%","24.4%",".181",".321",".260",".331",".441",".336",".304","126","-7.3","7.8","-5.8","1.9","19290"
"J.P. Crawford","SEA","115","485","5","50","33","3","9.7%","12.2%",".094",".284",".256",".335",".351",".307",".314","106","-0.6","2.4","0.2","1.9","15491"
"Ramon Urias","BAL","95","360","14","42","47","1","5.6%","21.9%",".172",".281",".248",".293",".420",".308",".316","102","0.2","1.1","5.3","1.9","18795"
"Lars Nootbaar","STL","74","231","8","36","28","3","14.7%","20.8%",".208",".279",".245",".355",".453",".351",".347","130","1.3","9.3","-0.2","1.8","21454"
"Isaac Paredes","TBR","80","286","16","40","37","0","9.1%","16.8%",".238",".206",".219",".294",".457",".325",".299","118","-0.6","5.2","2.9","1.8","20036"
"Brendan Donovan","STL","94","339","2","40","35","2","12.4%","16.2%",".088",".361",".298",".404",".386",".356",".333","133","-2.4","10.6","-5.3","1.8","24679"
"Wilmer Flores","SFG","118","463","16","59","59","0","9.3%","16.2%",".185",".266",".249",".330",".433",".333",".315","116","-1.3","7.2","-6.2","1.8","5827"
"Austin Hays","BAL","114","467","15","58","53","2","5.6%","20.3%",".177",".296",".256",".313",".434",".325",".311","114","0.6","8.0","-6.0","1.7","19363"
"Thairo Estrada","SFG","107","411","11","55","49","16","5.1%","16.1%",".147",".281",".256",".307",".403",".310",".299","100","2.1","2.2","0.3","1.7","16426"
"Elvis Andrus","- - -","114","419","8","44","34","8","7.4%","16.5%",".127",".269",".236",".296",".363",".292",".271","95","2.2","-0.2","3.5","1.7","8709"
"Seby Zavala","CHW","46","163","2","16","18","0","9.2%","31.3%",".119",".424",".287",".354",".406",".335",".281","119","-0.2","3.3","8.0","1.7","18887"
"Austin Slater","SFG","103","278","5","41","29","11","12.9%","26.6%",".132",".361",".264",".371",".396",".342",".348","122","3.5","10.6","-3.7","1.7","16153"
"Chas McCormick","HOU","91","315","12","36","37","2","11.4%","25.1%",".181",".289",".238",".327",".419",".328",".336","116","-0.1","5.5","1.0","1.7","19599"
"C.J. Cron","COL","121","514","24","65","84","0","6.4%","25.9%",".221",".328",".272",".326",".494",".350",".320","111","0.0","6.7","-8.1","1.7","12546"
"Brendan Rodgers","COL","115","497","11","61","60","0","7.2%","17.1%",".143",".320",".280",".332",".423",".329",".327","97","-2.2","-3.7","3.0","1.7","17907"
"Trent Grisham","SDP","123","456","15","50","47","5","11.6%","25.9%",".165",".233",".193",".296",".357",".292",".302","89","5.6","-0.2","0.6","1.7","18564"
"Trayce Thompson","- - -","53","157","6","24","27","2","11.5%","35.0%",".225",".416",".275",".363",".500",".374",".366","144","2.8","10.9","-0.4","1.7","9952"
"Bryan Reynolds","PIT","110","459","21","57","48","5","9.6%","23.3%",".204",".289",".251",".333",".456",".342",".322","119","-1.0","9.2","-9.2","1.6","19326"
"Harold Ramirez","TBR","89","311","5","38","45","3","5.1%","14.5%",".115",".367",".325",".367",".441",".352",".324","137","-2.0","11.0","-5.2","1.6","14387"
"Jose Iglesias","COL","108","428","3","48","47","2","3.7%","11.4%",".095",".341",".307",".343",".401",".327",".285","96","-2.8","-4.7","5.6","1.6","10231"
"Hunter Renfroe","MIL","90","374","23","44","54","1","7.5%","24.3%",".254",".264",".246",".308",".500",".347",".327","122","-2.0","7.8","-5.2","1.6","15464"
"Alec Bohm","PHI","118","485","10","64","59","1","4.9%","18.8%",".118",".342",".293",".328",".411",".321",".339","104","-0.7","1.7","-3.3","1.6","21618"
"Trey Mancini","- - -","112","471","16","48","57","0","8.1%","22.7%",".162",".312",".262",".333",".424",".331",".334","118","-1.2","8.3","-8.1","1.6","15149"
"Dylan Moore","SEA","88","203","5","30","16","15","13.3%","31.0%",".167",".295",".204",".353",".370",".327",".314","120","2.9","7.3","1.0","1.5","18042"
"Manuel Margot","TBR","58","227","3","26","31","5","7.9%","17.6%",".125",".364",".303",".361",".428",".346",".317","133","1.5","9.9","-2.4","1.5","14712"
"Justin Turner","LAD","101","421","9","47","64","3","9.3%","16.9%",".143",".296",".262",".335",".405",".324",".324","110","-2.0","2.8","-2.6","1.5","5235"
"Tyler Stephenson","CIN","50","183","6","24","35","1","6.6%","25.7%",".163",".409",".319",".372",".482",".371",".318","132","0.6","7.5","0.7","1.5","17988"
"Evan Longoria","SFG","64","216","12","28","28","0","10.2%","27.3%",".232",".298",".253",".333",".484",".352",".342","128","-1.1","6.1","1.0","1.5","9368"
"Keibert Ruiz","WSN","102","398","6","29","32","6","7.0%","12.3%",".108",".269",".247",".310",".355",".296",".320","87","-0.2","-6.2","6.9","1.5","19610"
"Harrison Bader","STL","72","264","5","35","21","15","4.9%","17.8%",".114",".297",".256",".303",".370",".297",".286","93","4.6","2.4","2.9","1.5","18030"
"Chris Taylor","LAD","91","352","8","38","32","8","9.9%","36.4%",".167",".352",".228",".307",".394",".306",".276","97","2.1","1.0","1.3","1.5","13757"
"Leody Taveras","TEX","65","227","3","29","29","8","6.6%","24.7%",".120",".382",".293",".339",".413",".328",".279","116","0.9","4.9","2.2","1.5","18900"
"Mike Yastrzemski","SFG","113","426","12","54","44","5","11.7%","24.2%",".163",".253",".209",".308",".372",".302",".315","95","2.3","-0.3","0.0","1.5","14854"
"Jake McCarthy","ARI","67","217","4","36","23","12","7.8%","20.7%",".138",".361",".292",".353",".431",".344",".298","119","4.1","9.0","-2.2","1.5","21622"
"Nicky Lopez","KCR","119","411","0","46","16","12","6.1%","14.4%",".048",".283",".239",".294",".288",".263",".278","66","5.2","-10.6","11.9","1.5","19339"
"Josh Naylor","CLE","91","364","15","34","59","5","6.9%","15.4%",".190",".275",".266",".319",".456",".333",".327","118","-2.5","4.8","-2.2","1.5","18839"
"Ramon Laureano","OAK","84","343","12","44","29","10","7.3%","25.9%",".172",".274",".223",".300",".395",".307",".312","106","2.3","4.8","-1.5","1.5","17128"
"Josh Donaldson","NYY","104","428","12","45","50","2","10.0%","27.3%",".163",".288",".224",".311",".387",".308",".311","102","-4.5","-3.6","4.2","1.5","5038"
"Christian Vazquez","- - -","99","359","8","38","46","1","5.6%","15.9%",".132",".325",".288",".331",".420",".329",".310","111","-8.1","-3.7","6.2","1.4","9774"
"Jean Segura","PHI","65","260","8","32","22","12","6.5%","14.2%",".127",".311",".287",".346",".414",".334",".310","113","1.3","5.4","-0.7","1.4","5933"
"Max Muncy","LAD","104","429","16","51","51","2","16.6%","25.2%",".189",".211",".186",".322",".374",".311",".334","101","1.9","2.2","-3.3","1.4","13301"
"Gleyber Torres","NYY","114","456","18","56","50","6","6.1%","22.1%",".182",".279",".244",".295",".427",".313",".307","105","-2.5","0.3","-1.1","1.4","16997"
"Christopher Morel","CHC","84","333","12","48","34","9","8.1%","30.9%",".193",".335",".249",".313",".442",".328",".329","110","1.7","5.7","-3.5","1.4","21897"
"Cody Bellinger","LAD","113","448","17","58","54","11","6.9%","27.0%",".192",".245",".207",".263",".399",".287",".286","85","3.8","-4.2","2.3","1.4","15998"
"Alex Verdugo","BOS","120","499","7","53","59","1","6.0%","11.2%",".119",".308",".284",".329",".403",".319",".335","103","-1.8","0.1","-2.5","1.4","17027"
"Giancarlo Stanton","NYY","82","338","24","40","64","0","10.9%","27.8%",".263",".236",".226",".309",".488",".341",".374","125","-2.1","7.5","-5.0","1.4","4949"
"Brandon Crawford","SFG","89","346","7","36","40","1","8.4%","21.4%",".124",".263",".218",".301",".342",".285",".281","83","1.3","-5.7","6.8","1.4","5343"
"Lourdes Gurriel Jr.","TOR","112","458","5","50","50","3","6.3%","16.4%",".107",".347",".295",".346",".401",".329",".323","116","-4.5","3.7","-5.3","1.3","19238"
"Ketel Marte","ARI","109","450","10","57","44","4","10.2%","18.0%",".167",".289",".251",".333",".418",".328",".324","108","-0.6","3.8","-6.4","1.3","13613"
"David Peralta","- - -","107","390","12","33","47","1","8.2%","23.3%",".184",".300",".249",".313",".433",".320",".317","105","-0.4","1.8","-2.3","1.3","2136"
"Michael Brantley","HOU","64","277","5","28","26","1","11.2%","10.8%",".128",".311",".288",".370",".416",".345",".375","128","-0.7","8.0","-4.2","1.3","4106"
"Sam Haggerty","SEA","56","130","4","22","15","10","4.6%","26.2%",".176",".390",".303",".349",".479",".353",".277","138","2.0","7.5","0.7","1.3","18054"
"Keston Hiura","MIL","56","183","13","26","25","5","10.4%","41.5%",".261",".368",".242",".350",".503",".371",".349","139","1.1","9.5","-3.5","1.3","20003"
"Victor Caratini","MIL","74","242","8","22","24","0","10.7%","21.9%",".150",".238",".208",".318",".357",".304",".317","93","-2.9","-4.9","8.8","1.3","14968"
"Kolten Wong","MIL","102","384","9","52","33","13","8.6%","17.7%",".159",".276",".243",".327",".402",".320",".295","104","2.8","4.8","-5.9","1.3","12532"
"Oscar Gonzalez","CLE","54","219","5","19","23","1","3.7%","21.9%",".167",".357",".292",".320",".459",".335",".318","120","1.6","6.4","-1.3","1.3","20970"
"Christian Bethancourt","- - -","77","252","8","32","26","5","4.4%","23.8%",".151",".282",".235",".275",".387",".289",".335","93","-0.6","-2.5","6.4","1.2","10028"
"Joc Pederson","SFG","104","338","18","41","48","3","8.9%","21.0%",".237",".277",".258",".334",".495",".355",".373","130","-0.5","11.5","-11.3","1.2","11899"
"Daniel Vogelbach","- - -","104","378","16","39","49","0","15.1%","25.1%",".210",".282",".235",".352",".445",".350",".355","126","-2.0","9.5","-10.7","1.2","14130"
"Luis Guillorme","NYM","86","289","2","31","14","1","10.0%","13.5%",".074",".327",".283",".355",".357",".319",".301","110","-5.4","-2.1","3.6","1.2","16451"
"Nick Fortes","MIA","48","151","7","28","18","5","6.0%","19.2%",".197",".248",".234",".305",".431",".322",".329","109","0.6","2.2","4.1","1.2","21538"
"Luis Rengifo","LAA","92","359","9","30","36","5","3.6%","15.9%",".152",".297",".266",".299",".418",".312",".295","102","2.3","2.9","-2.8","1.2","19858"
"Patrick Wisdom","CHC","117","471","22","60","58","7","10.8%","33.5%",".221",".288",".217",".311",".438",".326",".303","109","-0.4","4.7","-9.5","1.2","13602"
"Luis Urias","MIL","93","386","14","44","41","1","11.4%","22.0%",".167",".246",".218",".319",".385",".312",".311","99","0.0","-0.4","-1.6","1.2","16622"
"Wander Franco","TBR","58","247","5","34","23","5","6.9%","10.5%",".137",".271",".260",".308",".396",".305",".334","104","2.4","3.6","-0.1","1.2","23667"
"Javier Baez","DET","111","457","11","46","47","8","4.6%","24.7%",".143",".277",".224",".267",".367",".277",".280","80","1.9","-8.4","5.3","1.2","12979"
"Jack Suwinski","PIT","72","250","14","33","25","2","9.6%","30.4%",".230",".227",".198",".288",".428",".312",".294","99","-0.2","-0.6","3.0","1.1","22244"
"Ryan McKenna","BAL","84","145","2","21","11","2","6.2%","33.8%",".115",".383",".252",".308",".366",".295",".276","93","2.7","1.5","4.9","1.1","19928"
"Adam Frazier","SEA","125","498","3","53","32","8","8.0%","11.6%",".070",".270",".243",".308",".312",".278",".301","85","-0.1","-8.6","4.0","1.1","15223"
"Kyle Farmer","CIN","108","436","8","48","57","4","6.0%","16.5%",".118",".305",".266",".331",".384",".317",".321","96","-3.1","-5.2","1.3","1.1","14813"
"Trevor Larnach","MIN","51","180","5","22","18","0","10.0%","31.7%",".175",".320",".231",".306",".406",".309",".322","104","0.6","1.3","4.0","1.1","21501"
"Gary Sanchez","MIN","94","349","12","33","44","2","7.7%","27.8%",".177",".268",".215",".284",".392",".296",".329","95","-2.4","-4.5","4.4","1.1","11442"
"Ryan Mountcastle","BAL","111","471","18","51","65","4","6.2%","25.5%",".179",".295",".246",".293",".425",".310",".347","104","1.1","3.0","-6.9","1.1","18373"
"Seth Brown","OAK","117","422","17","38","50","8","8.1%","25.4%",".198",".257",".219",".287",".417",".305",".332","105","2.0","4.2","-6.7","1.1","18171"
"Joey Bart","SFG","73","227","10","26","21","2","9.3%","37.0%",".173",".333",".228",".313",".401",".316",".311","104","-1.4","-0.3","3.2","1.1","21524"
"Jose Miranda","MIN","88","330","13","31","55","1","4.2%","21.2%",".175",".313",".272",".315",".447",".332",".305","120","-1.6","5.6","-5.3","1.1","20538"
"Omar Narvaez","MIL","63","226","4","17","18","0","10.2%","20.4%",".121",".273",".226",".314",".347",".295",".275","87","-0.6","-4.0","6.9","1.1","13338"
"Jonathan Schoop","DET","115","447","9","40","34","5","3.4%","22.1%",".115",".241",".202",".235",".318",".241",".267","55","0.0","-22.8","19.2","1.1","11265"
"Brandon Lowe","TBR","61","251","8","31","25","1","10.0%","22.7%",".171",".278",".234",".319",".405",".319",".328","114","1.8","5.8","-3.4","1.1","18882"
"Seiya Suzuki","CHC","87","349","10","39","39","8","9.5%","24.9%",".168",".315",".252",".327",".419",".324",".316","107","-0.5","2.5","-4.2","1.1","30116"
"Kevin Kiermaier","TBR","63","221","7","28","22","6","6.3%","27.6%",".141",".290",".228",".281",".369",".286",".305","91","3.2","1.0","2.3","1.1","11038"
"Albert Pujols","STL","77","245","14","26","38","1","7.8%","16.3%",".247",".273",".274",".347",".521",".371",".359","143","-5.3","7.0","-5.1","1.1","1177"
"Ryan Jeffers","MIN","60","214","7","23","25","0","9.8%","27.1%",".161",".268",".214",".291",".375",".295",".326","94","-0.9","-2.4","5.9","1.1","24618"
"Michael A. Taylor","KCR","98","355","6","37","31","2","8.5%","25.4%",".091",".336",".256",".322",".347",".299",".291","92","0.8","-2.5","1.5","1.0","11489"
"Donovan Solano","CIN","51","198","3","20","21","0","6.1%","19.7%",".117",".407",".333",".384",".450",".365",".336","129","-0.2","6.4","-3.2","1.0","8623"
"Ozzie Albies","ATL","62","263","8","34","33","3","5.7%","17.5%",".161",".266",".244",".289",".405",".301",".299","89","1.3","-2.1","3.1","1.0","16556"
"Emmanuel Rivera","- - -","81","287","11","38","33","0","7.0%","21.3%",".198",".279",".244",".310",".443",".328",".333","110","-1.2","2.4","-1.7","1.0","19890"
"Aaron Hicks","NYY","105","372","6","41","32","9","14.5%","22.3%",".086",".271",".214",".334",".300",".291",".300","90","1.0","-3.2","1.3","1.0","5297"
"Reese McGuire","- - -","67","210","0","16","14","0","3.3%","19.5%",".063",".331",".266",".294",".328",".274",".262","75","-0.9","-6.8","9.8","1.0","15674"
"Garrett Cooper","MIA","96","375","7","28","42","0","8.5%","25.6%",".142",".345",".264",".339",".406",".328",".343","113","-2.1","3.5","-6.7","1.0","15279"
"Jose Siri","- - -","71","224","4","36","15","10","5.8%","35.7%",".126",".290",".193",".250",".319",".252",".257","64","3.9","-5.2","7.8","1.0","17452"
"Eloy Jimenez","CHW","52","203","7","20","28","0","9.4%","20.7%",".150",".353",".300",".369",".450",".359",".350","137","-0.1","8.3","-5.2","1.0","17484"
"David Fletcher","LAA","40","149","2","16","15","1","4.7%","5.4%",".109",".297",".290",".333",".399",".322",".321","109","0.6","2.2","2.5","1.0","17992"
"Brian Anderson","MIA","67","256","5","30","17","1","11.3%","29.3%",".134",".340",".241",".336",".375",".315",".313","104","0.0","1.4","-1.0","1.0","18289"
"Cavan Biggio","TOR","69","220","3","30","18","2","13.2%","27.3%",".145",".298",".215",".329",".360",".310",".304","103","1.0","1.6","0.6","1.0","19252"
"Joey Wendle","MIA","77","284","2","19","27","10","4.2%","12.7%",".095",".284",".254",".296",".348",".284",".273","83","1.4","-4.2","3.5","0.9","13853"
"Gio Urshela","MIN","107","399","11","43","49","0","6.3%","17.0%",".158",".295",".266",".308",".424",".316",".322","108","-5.0","-1.3","-2.2","0.9","10681"
"Austin Barnes","LAD","45","150","6","22","20","2","12.7%","16.7%",".173",".186",".189",".307",".362",".301",".304","94","-1.5","-2.6","6.4","0.9","12158"
"Eli White","TEX","47","117","3","16","10","12","9.4%","35.0%",".105",".290",".200",".274",".305",".261",".255","68","4.2","0.0","5.3","0.9","19346"
"Bryson Stott","PHI","96","349","8","41","39","8","7.4%","17.2%",".130",".256",".227",".287",".357",".285",".287","80","2.5","-5.7","2.5","0.9","26294"
"Myles Straw","CLE","118","474","0","57","23","15","9.3%","14.6%",".052",".237",".200",".275",".252",".242",".275","54","4.8","-19.8","13.7","0.9","17620"
"Ji-Man Choi","TBR","91","348","9","29","48","0","13.8%","29.9%",".148",".326",".236",".339",".384",".319",".329","114","-2.7","2.9","-5.1","0.9","5452"
"Nolan Gorman","STL","76","278","13","43","33","1","9.0%","30.9%",".199",".309",".239",".313",".438",".329",".357","114","-0.1","4.6","-5.5","0.9","22263"
"Tyrone Taylor","MIL","93","326","13","34","41","1","5.2%","26.1%",".192",".262",".222",".273",".414",".298",".299","89","0.7","-3.4","0.8","0.9","13675"
"Rowdy Tellez","MIL","119","466","27","50","75","1","10.5%","20.0%",".248",".229",".229",".318",".477",".338",".364","116","-5.7","3.2","-10.8","0.9","15679"
"Vaughn Grissom","ATL","17","68","3","14","10","2","5.9%","16.2%",".188",".380",".344",".382",".531",".396",".351","153","1.5","5.8","0.2","0.9","26031"
"Kyle Garlick","MIN","52","121","9","21","18","0","6.6%","24.0%",".275",".292",".275",".339",".550",".381",".358","154","0.8","8.1","-3.7","0.9","18063"
"Brandon Marsh","- - -","106","361","8","36","39","9","6.6%","36.0%",".119",".342",".226",".282",".345",".276",".282","76","2.9","-6.9","3.6","0.9","20202"
"Nick Gordon","MIN","103","305","5","31","24","6","4.6%","24.6%",".146",".345",".267",".311",".413",".315",".347","108","0.7","3.5","-4.8","0.9","16337"
"Anthony Rendon","LAA","45","188","5","15","24","2","12.2%","17.0%",".154",".252",".228",".324",".383",".314",".332","103","-0.3","0.4","1.9","0.9","12861"
"Danny Mendick","CHW","31","106","3","22","15","1","6.6%","21.7%",".155",".352",".289",".343",".443",".344",".273","126","1.0","4.1","0.7","0.8","18889"
"Luke Maile","CLE","56","156","2","17","14","0","11.5%","25.6%",".119",".316",".237",".327",".356",".305",".278","98","-0.5","-0.7","3.8","0.8","13355"
"Miguel Rojas","MIA","111","415","6","32","31","9","5.5%","11.8%",".096",".250",".232",".280",".328",".269",".291","73","-2.8","-16.0","9.8","0.8","7802"
"Josh Harrison","CHW","95","341","6","40","23","1","5.3%","16.1%",".120",".277",".243",".307",".362",".298",".281","93","-1.8","-4.5","1.8","0.8","8202"
"Alek Thomas","ARI","92","344","8","38","33","4","6.1%","18.6%",".126",".278",".243",".294",".369",".292",".291","84","0.8","-5.8","1.9","0.8","23792"
"Adam Duvall","ATL","86","315","12","39","36","0","6.7%","32.1%",".188",".278",".213",".276",".401",".295",".294","85","2.6","-2.9","-0.1","0.8","10950"
"Meibrys Viloria","TEX","23","66","2","10","5","0","16.7%","37.9%",".130",".286",".185",".318",".315",".291",".268","89","1.6","0.8","4.9","0.8","17109"
"Kevin Newman","PIT","55","228","1","25","18","5","5.3%","16.7%",".103",".326",".272",".316",".376",".304",".285","93","1.3","-0.5","0.5","0.8","17696"
"Kyle Higashioka","NYY","63","182","7","20","20","0","5.5%","22.5%",".157",".207",".193",".239",".349",".256",".299","65","0.6","-6.5","8.5","0.8","5517"
"Aledmys Diaz","HOU","78","274","10","31","32","1","6.2%","16.8%",".165",".271",".252",".303",".417",".315",".318","106","-3.6","-1.7","0.9","0.8","15937"
"Vinnie Pasquantino","KCR","49","200","8","18","15","0","11.0%","13.5%",".171",".270",".263",".350",".434",".344",".370","123","-1.1","4.1","-2.9","0.8","27676"
"Tommy Pham","- - -","112","479","14","72","52","7","9.6%","26.9%",".147",".318",".248",".319",".395",".315",".317","96","2.3","-0.2","-8.6","0.8","2967"
"Garrett Stubbs","PHI","39","97","5","18","14","2","10.3%","22.7%",".233",".339",".291",".365",".523",".383",".291","146","1.5","6.8","-2.9","0.8","18067"
"Danny Jansen","TOR","42","144","10","19","26","0","7.6%","18.8%",".244",".181",".213",".278",".457",".314",".361","105","-0.3","0.5","2.1","0.8","16535"
"Willi Castro","DET","90","322","5","38","24","7","4.0%","20.5%",".114",".299",".247",".292",".361",".287",".291","87","2.0","-2.6","-0.5","0.7","17338"
"Rob Refsnyder","BOS","40","127","4","19","14","0","9.4%","24.4%",".182",".390",".309",".386",".491",".380",".388","147","0.3","6.9","-3.9","0.7","13770"
"Jesse Winker","SEA","114","469","13","43","48","0","15.1%","18.1%",".135",".258",".228",".345",".363",".319",".348","114","-4.5","2.7","-10.7","0.7","13590"
"Eric Haase","DET","85","260","9","28","35","0","7.7%","28.5%",".169",".299",".236",".292",".405",".303",".299","99","-0.6","-1.0","-0.6","0.7","14111"
"Whit Merrifield","- - -","111","473","7","58","44","16","7.4%","15.0%",".107",".267",".239",".292",".346",".281",".294","79","3.1","-7.9","-0.3","0.7","11281"
"Taylor Trammell","SEA","32","94","3","14","9","2","11.7%","25.5%",".222",".291",".235",".323",".457",".337",".319","127","-0.3","2.5","1.0","0.7","19960"
"Andrew Vaughn","CHW","103","434","14","50","61","0","5.5%","16.1%",".168",".321",".291",".341",".460",".348",".329","129","-2.1","11.8","-18.9","0.7","26197"
"Isiah Kiner-Falefa","NYY","114","421","1","53","38","15","5.7%","14.3%",".052",".304",".262",".310",".314",".278",".284","81","-0.2","-9.4","2.6","0.7","16512"
"Ildemaro Vargas","- - -","30","99","3","10","10","1","7.1%","10.1%",".157",".273",".270",".333",".427",".333",".268","112","0.5","1.9","1.0","0.7","13324"
"Brian Serven","COL","49","162","6","18","15","0","7.4%","19.8%",".155",".245",".223",".286",".378",".293",".278","73","-0.5","-5.7","6.3","0.6","19422"
"J.D. Martinez","BOS","109","473","9","59","48","0","8.7%","24.5%",".149",".354",".275",".342",".424",".335",".357","115","-4.8","3.1","-11.8","0.6","6184"
"Eduardo Escobar","NYM","103","412","12","41","44","0","6.8%","24.5%",".167",".256",".214",".267",".381",".281",".290","84","2.8","-5.0","-3.0","0.6","6153"
"Joey Meneses","WSN","21","85","6","14","9","0","4.7%","17.6%",".259",".350",".333",".365",".593",".411",".362","165","-1.6","4.9","-1.9","0.6","14366"
"Carson Kelly","ARI","71","247","6","28","27","1","7.7%","19.4%",".140",".247",".216",".287",".356",".285",".283","80","-0.5","-6.4","3.9","0.6","13620"
"Andrew Velazquez","LAA","112","314","8","35","26","13","4.1%","32.8%",".111",".276",".201",".240",".311",".243",".254","53","3.4","-13.2","9.2","0.6","14196"
"Tyler O'Neill","STL","79","320","9","42","47","9","8.8%","26.9%",".135",".285",".227",".300",".362",".293",".318","90","0.4","-3.4","-1.7","0.6","15711"
"Joey Gallo","- - -","97","319","15","40","31","2","14.7%","38.6%",".203",".233",".170",".295",".373",".299",".305","95","-0.2","-1.9","-2.4","0.6","14128"
"Charlie Blackmon","COL","112","486","16","56","70","3","5.6%","17.9%",".169",".301",".270",".320",".438",".327",".311","96","1.4","-0.8","-10.0","0.6","7859"
"Ezequiel Duran","TEX","48","186","4","22","22","4","5.9%","24.2%",".131",".310",".246",".290",".377",".293",".254","91","1.4","-0.5","0.3","0.6","23733"
"Luis Gonzalez","SFG","79","292","4","27","32","10","8.9%","19.2%",".117",".307",".257",".329",".374",".309",".273","100","1.0","0.9","-5.3","0.6","20332"
"T.J. Friedl","CIN","40","136","2","19","16","6","5.1%","15.4%",".167",".287",".258",".316",".425",".319",".269","97","1.5","1.0","-0.2","0.6","19522"
"Mitch Haniger","SEA","28","119","7","16","18","0","6.7%","21.0%",".216",".291",".270",".319",".486",".346",".378","133","-0.1","4.3","-2.6","0.6","14274"
"Jorge Alfaro","SDP","72","254","7","25","36","1","3.9%","36.2%",".143",".373",".252",".287",".395",".297",".295","93","0.4","-1.9","-1.4","0.6","12180"
"Jason Vosler","SFG","23","74","4","10","10","1","9.5%","25.7%",".242",".341",".288",".351",".530",".373",".320","142","-0.3","3.4","-0.6","0.6","16686"
"Darick Hall","PHI","38","135","9","19","16","0","3.7%","29.6%",".287",".313",".264",".296",".550",".361",".322","131","-0.6","4.3","-3.7","0.6","19717"
"Roberto Perez","PIT","21","69","2","8","8","0","13.0%","36.2%",".133",".364",".233",".333",".367",".315",".308","101","-0.3","-0.2","3.1","0.5","2900"
"Jonathan Davis","MIL","37","91","0","9","4","7","15.4%","28.6%",".013",".340",".224",".344",".237",".279",".284","76","1.7","-0.9","2.9","0.5","15104"
"Kris Bryant","COL","42","181","5","28","14","0","9.4%","14.9%",".169",".338",".306",".376",".475",".370",".344","125","-0.6","4.7","-5.7","0.5","15429"
"Jorge Soler","MIA","72","306","13","32","34","0","10.1%","29.4%",".193",".256",".207",".295",".400",".305",".322","97","-0.8","-1.7","-3.6","0.5","14221"
"Francisco Mejia","TBR","72","235","6","29","27","0","2.1%","23.4%",".149",".310",".254",".272",".404",".292",".264","95","-0.2","-1.5","-0.8","0.5","16403"
"Corey Dickerson","STL","64","189","4","21","23","0","4.8%","16.4%",".141",".313",".277",".312",".418",".315",".309","105","0.4","1.5","-2.9","0.5","10762"
"Matt Reynolds","- - -","77","229","3","30","20","5","8.7%","29.3%",".092",".348",".246",".314",".338",".292",".270","79","1.1","-4.5","1.7","0.5","13788"
"Jesus Sanchez","MIA","93","325","12","36","33","1","7.4%","26.5%",".182",".245",".205",".271",".387",".288",".295","86","-1.4","-6.8","0.6","0.5","19913"
"Owen Miller","CLE","109","396","5","46","44","1","6.3%","19.7%",".115",".285",".239",".295",".355",".285",".289","84","1.1","-6.0","-1.6","0.5","24655"
"Luke Voit","- - -","100","418","17","45","55","1","10.5%","32.3%",".190",".301",".225",".316",".415",".320",".331","108","-3.1","0.6","-10.2","0.5","14811"
"Riley Greene","DET","61","276","5","33","28","1","7.2%","29.3%",".130",".343",".248",".304",".378",".300",".312","96","-1.6","-2.6","-1.4","0.5","25976"
"Yonathan Daza","COL","90","307","1","40","24","0","5.9%","12.7%",".068",".339",".299",".345",".367",".315",".318","88","-1.4","-5.7","-0.2","0.5","15794"
"Odubel Herrera","PHI","62","197","5","23","21","6","5.6%","21.3%",".141",".281",".238",".279",".378",".287",".272","81","0.8","-3.5","1.3","0.5","11476"
"Josh Smith","TEX","50","176","1","18","12","3","11.9%","18.8%",".048",".270",".218",".331",".265",".281",".298","82","0.6","-3.0","2.0","0.5","26396"
"Tyler Naquin","- - -","79","261","10","38","40","4","6.1%","26.8%",".216",".304",".245",".300",".461",".326",".322","105","1.8","3.2","-7.6","0.5","13359"
"Jake Marisnick","PIT","31","82","2","9","6","2","4.9%","29.3%",".156",".314",".234",".272",".390",".283",".270","79","-0.5","-2.5","4.1","0.5","11339"
"Luke Williams","- - -","61","115","1","19","6","11","7.0%","30.4%",".093",".352",".243",".296",".336",".277",".245","79","1.7","-1.2","1.6","0.5","19931"
"Carlos Santana","- - -","99","386","11","34","41","0","15.0%","15.3%",".148",".211",".201",".324",".349",".303",".347","98","-0.4","-1.3","-6.4","0.5","2396"
"Mike Brosseau","MIL","57","135","5","11","19","2","8.9%","29.6%",".158",".347",".258",".341",".417",".336",".286","115","0.7","3.1","-3.4","0.4","19683"
"Ben Gamel","PIT","91","340","6","35","39","5","10.3%","24.1%",".133",".318",".246",".329",".379",".314",".322","100","2.1","2.1","-9.4","0.4","12160"
"Edmundo Sosa","- - -","68","161","0","19","15","6","2.5%","27.3%",".088",".286",".203",".256",".291",".245",".272","57","2.1","-6.1","4.8","0.4","17022"
"Orlando Arcia","ATL","56","196","7","20","26","0","9.7%","21.4%",".162",".278",".243",".321",".405",".320",".335","102","-0.7","-0.3","-2.2","0.4","13185"
"Rodolfo Castro","PIT","37","138","4","10","8","4","7.2%","22.5%",".175",".297",".246",".312",".421",".320",".284","104","-0.4","0.3","-0.8","0.4","21987"
"Gilberto Celestino","MIN","88","229","2","22","17","0","7.4%","22.7%",".077",".331",".255",".317",".332",".292",".272","91","-2.0","-4.3","1.2","0.4","20233"
"Kyle Isbel","KCR","80","214","3","24","20","8","3.7%","27.1%",".125",".284",".215",".254",".340",".259",".260","63","-0.3","-9.1","6.2","0.4","21614"
"Rafael Ortega","CHC","107","336","6","31","28","9","12.2%","19.3%",".119",".273",".232",".326",".351",".302",".304","93","-4.6","-7.6","-0.1","0.4","10323"
"Jake Fraley","CIN","38","135","7","22","17","3","11.1%","19.3%",".220",".244",".237",".326",".458",".341",".344","112","1.1","3.0","-3.9","0.4","19260"
"Johan Camargo","PHI","52","166","3","8","15","0","7.8%","22.3%",".079",".295",".237",".297",".316",".276",".267","74","0.6","-4.5","2.6","0.4","14950"
"Geraldo Perdomo","ARI","113","395","4","47","31","6","10.6%","21.0%",".074",".241",".191",".288",".265",".256",".274","60","3.1","-15.5","5.7","0.4","22799"
"Tony Kemp","OAK","116","437","4","38","28","8","8.5%","13.7%",".080",".249",".220",".296",".301",".271",".257","80","1.5","-8.1","-1.8","0.4","14894"
"Albert Almora Jr.","CIN","63","231","5","25","29","3","6.9%","19.5%",".127",".264",".226",".283",".354",".281",".270","72","-3.0","-10.7","6.5","0.4","14109"
"Mitch Garver","TEX","54","215","10","23","24","1","10.7%","24.7%",".197",".228",".207",".298",".404",".308",".319","102","0.4","0.8","-4.1","0.4","15161"
"Edward Olivares","KCR","36","109","3","15","12","2","6.4%","22.0%",".131",".370",".303",".358",".434",".348",".346","126","0.4","3.5","-3.5","0.4","19698"
"Jason Delay","PIT","33","92","1","9","5","0","4.3%","32.6%",".070",".364",".244",".293",".314",".273",".240","72","-1.0","-4.0","4.3","0.4","19806"
"Nick Ahmed","ARI","17","54","3","7","7","0","3.7%","27.8%",".212",".265",".231",".259",".442",".302",".227","91","0.1","-0.5","2.1","0.4","12147"
"J.J. Bleday","MIA","32","123","4","12","7","3","13.0%","28.5%",".198",".254",".198",".309",".396",".313",".305","103","1.2","1.6","-2.4","0.4","26368"
"Paul DeJong","STL","51","180","6","15","24","3","8.9%","32.2%",".165",".208",".165",".256",".329",".261",".279","69","-0.9","-7.5","4.6","0.3","18015"
"Christian Arroyo","BOS","65","222","5","27","22","5","5.0%","16.2%",".141",".325",".286",".330",".427",".329",".339","111","-2.4","0.3","-4.0","0.3","16434"
"Lane Thomas","WSN","112","395","13","43","40","5","5.8%","24.3%",".164",".288",".241",".289",".405",".302",".274","91","-1.5","-5.6","-4.7","0.3","16939"
"Yoan Moncada","CHW","80","324","7","28","40","0","8.3%","27.2%",".116",".255",".197",".269",".313",".260",".281","66","0.4","-11.9","4.9","0.3","17232"
"Josh Lowe","TBR","52","198","2","24","13","3","7.6%","33.3%",".122",".336",".221",".284",".343",".276",".272","84","2.1","-1.5","-1.7","0.3","19953"
"Marwin Gonzalez","NYY","65","147","3","12","11","2","6.8%","25.9%",".123",".256",".200",".271",".323",".266",".282","72","0.4","-4.2","2.5","0.3","5497"
"Andrew Knizner","STL","77","229","2","23","22","0","10.0%","20.5%",".070",".293",".231",".329",".302",".291",".290","89","-1.4","-4.4","-0.5","0.3","19514"
"Roman Quinn","- - -","44","87","0","15","7","4","8.0%","41.4%",".089",".395",".215",".287",".304",".266",".244","73","0.3","-2.4","2.5","0.3","13546"
"Charles Leblanc","MIA","20","64","2","6","3","3","3.1%","21.9%",".161",".391",".323",".344",".484",".359",".320","134","-0.1","2.5","-1.8","0.3","19813"
"Andrew McCutchen","MIL","108","472","14","58","56","8","8.7%","19.1%",".149",".278",".245",".314",".394",".311",".324","99","-2.0","-2.9","-10.5","0.3","9847"
"Eric Hosmer","- - -","102","414","8","38","44","0","8.9%","15.5%",".115",".303",".267",".333",".381",".313",".311","103","-4.8","-3.4","-7.9","0.3","3516"
"Jake Burger","CHW","51","183","8","20","26","0","5.5%","30.6%",".208",".324",".250",".302",".458",".327",".318","114","-1.0","1.8","-4.8","0.3","22275"
"Tyler Heineman","- - -","50","139","0","13","8","1","4.3%","11.5%",".047",".232",".203",".250",".250",".227",".247","42","0.4","-9.1","7.1","0.3","13897"
"Victor Robles","WSN","107","329","4","38","28","13","4.6%","25.2%",".078",".292",".220",".278",".298",".260",".246","63","3.2","-11.1","2.6","0.3","18363"
"Jonathan India","CIN","69","291","8","35","28","2","5.2%","23.0%",".151",".305",".249",".316",".400",".317",".281","96","-1.3","-2.7","-4.6","0.3","21523"
"Nate Eaton","KCR","19","51","1","5","3","2","7.8%","33.3%",".136",".250",".182",".255",".318",".252",".222","58","0.0","-2.4","3.4","0.3","25055"
"David Villar","SFG","23","80","1","8","7","0","16.3%","35.0%",".111",".286",".175",".338",".286",".294",".279","89","0.6","-0.4","0.2","0.3","24782"
"Derek Hill","DET","31","92","1","8","3","3","5.4%","30.4%",".060",".327",".229",".270",".289",".249",".230","60","0.8","-3.3","2.9","0.3","16947"
"Gabriel Moreno","TOR","18","60","0","3","4","0","3.3%","11.7%",".017",".314",".276",".300",".293",".265",".258","71","-0.6","-2.5","3.1","0.3","22664"
"J.D. Davis","- - -","83","258","8","35","26","1","10.1%","32.2%",".156",".346",".244",".333",".400",".323",".355","112","-3.2","0.6","-7.0","0.2","16219"
"Skye Bolt","OAK","42","116","4","10","13","5","6.0%","25.9%",".132",".233",".198",".259",".330",".262",".258","74","1.2","-2.2","0.9","0.2","17723"
"Jonah Bride","OAK","37","137","1","10","6","1","8.8%","15.3%",".050",".255",".218",".309",".269",".268",".284","79","-0.9","-4.1","2.0","0.2","24703"
"Austin Hedges","CLE","79","255","6","21","23","1","7.8%","22.4%",".095",".213",".181",".262",".276",".246",".256","57","-2.0","-14.4","8.6","0.2","12976"
"Connor Joe","COL","104","446","6","53","26","6","11.9%","20.4%",".117",".300",".241",".341",".358",".315",".313","87","-0.3","-6.9","-6.2","0.2","16572"
"Luis Barrera","OAK","32","85","1","3","7","3","7.1%","20.0%",".104",".283",".234",".294",".338",".281",".262","87","-0.8","-2.0","1.4","0.2","19615"
"Enrique Hernandez","BOS","61","277","6","31","34","0","7.2%","18.8%",".139",".249",".219",".278",".359",".280",".284","75","-0.5","-8.1","1.5","0.2","10472"
"MJ Melendez","KCR","97","393","14","39","46","0","12.7%","25.4%",".182",".268",".224",".321",".406",".318",".329","105","-1.2","1.0","-11.3","0.2","22197"
"Mauricio Dubon","- - -","79","209","4","25","21","2","5.7%","9.1%",".099",".215",".215",".256",".314",".251",".281","61","-0.8","-10.0","5.3","0.2","16530"
"James McCann","NYM","42","130","2","11","13","2","3.8%","23.8%",".084",".239",".193",".246",".277",".235",".307","53","0.3","-6.9","4.3","0.2","12859"
"Elehuris Montero","COL","32","112","4","14","13","0","1.8%","34.8%",".193",".348",".248",".268",".440",".305",".291","81","-0.2","-2.7","0.8","0.2","20543"
"Wil Myers","SDP","51","197","3","18","29","0","6.1%","31.0%",".105",".358",".254",".299",".359",".287",".253","86","0.5","-2.7","-2.2","0.2","10047"
"Max Stassi","LAA","84","315","7","25","24","0","10.5%","29.5%",".118",".254",".189",".276",".307",".264",".277","68","-2.8","-14.2","6.2","0.2","10059"
"Jose Azocar","SDP","75","152","0","17","8","4","5.9%","21.1%",".085",".333",".261",".303",".345",".285",".273","85","-1.6","-4.4","1.0","0.2","18821"
"Alejo Lopez","CIN","38","85","0","7","3","2","7.1%","14.1%",".052",".338",".286",".353",".338",".312",".302","93","-0.1","-0.8","-0.3","0.2","21127"
"Randal Grichuk","COL","112","427","13","48","60","3","4.7%","23.9%",".155",".334",".273",".314",".428",".323",".283","93","-1.1","-4.6","-8.3","0.2","10243"
"Nolan Jones","CLE","28","94","2","10","13","0","8.5%","33.0%",".128",".358",".244",".309",".372",".298",".325","93","-0.8","-1.5","0.2","0.2","20529"
"Jordan Luplow","ARI","73","203","11","25","27","5","10.3%","26.6%",".213",".158",".163",".261",".376",".280",".285","76","0.8","-5.0","-0.4","0.2","16424"
"Franchy Cordero","BOS","77","257","7","35","28","4","10.1%","32.3%",".177",".319",".226",".306",".403",".309",".316","96","2.6","1.6","-8.0","0.2","14567"
"Yan Gomes","CHC","64","214","6","18","19","0","2.8%","15.0%",".123",".232",".221",".248",".343",".258",".287","63","-2.0","-11.3","5.6","0.2","9627"
"Juan Yepez","STL","63","229","11","24","27","0","6.1%","23.1%",".205",".280",".252",".297",".457",".324",".294","111","-0.3","2.6","-8.9","0.2","18400"
"Harold Castro","DET","93","340","5","34","31","0","4.1%","18.8%",".116",".340",".284",".315",".400",".312",".327","105","-1.2","0.5","-9.7","0.1","14691"
"Bubba Thompson","TEX","20","72","0","6","6","7","4.2%","31.9%",".015",".395",".258",".310",".273",".267",".199","72","1.6","-0.6","-0.2","0.1","22261"
"David Bote","CHC","21","59","1","9","3","1","5.1%","42.4%",".111",".464",".259",".322",".370",".309",".267","97","0.4","0.2","-0.9","0.1","14593"
"Austin Nola","SDP","86","320","3","32","32","2","9.4%","15.9%",".072",".290",".253",".328",".325",".292",".313","90","-0.4","-4.3","-5.3","0.1","15941"
"Cesar Hernandez","WSN","124","531","0","55","26","8","6.8%","18.3%",".064",".306",".245",".305",".309",".277",".285","74","-0.8","-17.0","0.1","0.1","10556"
"Curt Casali","- - -","45","138","4","14","14","0","11.6%","29.7%",".126",".289",".218",".312",".345",".295",".281","90","-0.3","-1.9","-1.5","0.1","12510"
"Nomar Mazara","SDP","55","171","2","16","18","0","5.8%","23.4%",".088",".342",".264",".316",".352",".298",".294","93","0.0","-1.4","-3.3","0.1","14553"
"Brett Phillips","- - -","83","225","5","22","15","7","7.1%","41.8%",".104",".233",".144",".217",".249",".213",".220","39","3.8","-11.6","5.7","0.1","14735"
"Nick Madrigal","CHC","50","192","0","19","5","2","5.7%","12.5%",".034",".283",".244",".300",".278",".264",".283","67","-0.3","-7.8","2.4","0.1","20521"
"Greg Allen","PIT","29","95","1","11","5","6","9.5%","27.4%",".072",".268",".193",".287",".265",".257",".265","61","2.0","-2.3","0.1","0.1","16623"
"Edwin Rios","LAD","27","92","7","12","17","0","5.4%","39.1%",".256",".326",".244",".293",".500",".338",".312","119","-0.7","1.4","-3.6","0.1","18316"
"Rougned Odor","BAL","113","391","11","40","43","4","7.2%","23.5%",".159",".236",".201",".269",".360",".275",".270","79","0.3","-9.0","-2.3","0.1","12282"
"Colin Moran","CIN","38","121","5","9","23","0","11.6%","24.0%",".173",".233",".212",".298",".385",".299",".315","84","-0.5","-2.8","-0.5","0.1","16909"
"Martin Maldonado","HOU","93","314","12","31","37","0","6.1%","31.2%",".168",".220",".179",".241",".347",".259",".252","67","-3.1","-14.7","5.7","0.1","6887"
"Sam Huff","TEX","30","82","1","5","5","1","6.1%","32.9%",".065",".388",".260",".305",".325",".277",".268","79","0.3","-1.6","-0.2","0.1","22209"
"Cal Stevenson","OAK","16","52","0","3","1","1","11.5%","32.7%",".070",".296",".186",".280",".256",".247",".284","63","0.4","-1.8","0.9","0.1","22411"
"Aristides Aquino","CIN","51","166","4","15","18","2","5.4%","42.2%",".115",".289",".178",".223",".293",".229",".219","36","0.7","-11.7","6.8","0.1","15482"
"Jake Meyers","HOU","46","149","1","11","14","1","4.7%","33.6%",".094",".315",".209",".255",".302",".247",".242","58","0.2","-6.8","2.8","0.1","20308"
"Zack Collins","TOR","26","79","4","7","10","0","7.6%","39.2%",".222",".270",".194",".266",".417",".298",".266","94","0.2","-0.3","-1.5","0.1","19181"
"Adam Engel","CHW","94","220","2","29","14","11","5.0%","28.6%",".097",".319",".228",".277",".325",".266",".252","71","1.9","-5.3","-0.9","0.1","15082"
"Luke Raley","TBR","22","72","1","7","4","0","9.7%","33.3%",".082",".297",".197",".306",".279",".272",".286","80","0.1","-1.5","-0.2","0.1","19354"
"Adalberto Mondesi","KCR","15","54","0","3","3","5","7.4%","37.0%",".000",".233",".140",".204",".140",".166",".211","-3","1.0","-5.3","4.0","0.0","13769"
"Jake Hager","ARI","28","59","0","4","3","0","13.6%","28.8%",".040",".364",".240",".345",".280",".291",".247","84","0.5","-0.6","-1.0","0.0","12198"
"Nick Solak","TEX","33","88","3","12","4","3","6.8%","20.5%",".130",".232",".208",".299",".338",".289",".331","88","0.4","-0.8","-1.6","0.0","19294"
"Pavin Smith","ARI","65","241","9","20","31","1","10.4%","26.1%",".155",".245",".207",".290",".362",".288",".307","81","0.6","-4.7","-3.2","0.0","19892"
"Darin Ruf","- - -","104","349","11","51","44","2","12.3%","26.6%",".151",".269",".214",".321",".365",".308",".321","99","0.7","0.3","-11.9","0.0","9929"
"Jake Lamb","- - -","35","98","3","12","6","0","10.2%","30.6%",".198",".321",".233",".327",".430",".332",".313","117","-1.8","0.2","-3.1","0.0","13329"
"Buddy Kennedy","ARI","29","90","1","9","12","0","7.8%","23.3%",".113",".283",".225",".289",".338",".276",".255","73","0.0","-2.8","0.1","0.0","22505"
"Brandon Belt","SFG","78","298","8","25","23","1","12.4%","27.2%",".138",".277",".213",".326",".350",".304",".326","96","-1.1","-2.6","-7.3","0.0","10264"
"Terrin Vavra","BAL","20","54","0","8","7","0","13.0%","20.4%",".067",".306",".244",".333",".311",".290",".282","89","-0.4","-1.0","-0.4","0.0","24400"
"Jo Adell","LAA","61","205","6","16","20","4","4.9%","37.1%",".153",".349",".232",".279",".384",".290",".281","86","0.3","-2.8","-3.4","0.0","20220"
"Daz Cameron","DET","21","70","1","6","8","2","7.1%","28.6%",".125",".302",".219",".286",".344",".280",".304","82","1.0","-0.4","-1.7","0.0","18353"
"Yu Chang","- - -","52","147","3","13","12","0","6.8%","32.7%",".091",".289",".205",".272",".295",".256",".267","67","0.0","-5.7","1.1","0.0","14773"
"A.J. Pollock","CHW","105","397","8","43","41","1","6.0%","19.4%",".128",".276",".236",".285",".364",".285",".318","84","-1.5","-8.6","-3.7","0.0","9256"
"Rene Pinto","TBR","22","71","2","3","9","0","2.8%","43.7%",".103",".343",".206",".239",".309",".243",".209","60","-0.4","-3.5","1.3","0.0","19859"
"Mike Zunino","TBR","36","123","5","7","16","0","4.9%","37.4%",".157",".185",".148",".195",".304",".219",".252","43","0.0","-7.8","3.9","0.0","13265"
"Michael Massey","KCR","25","88","1","4","8","2","4.5%","22.7%",".114",".322",".253",".310",".367",".299",".362","92","0.3","-0.5","-2.3","0.0","27684"
"Tucupita Marcano","PIT","41","150","2","15","12","2","6.0%","25.3%",".104",".281",".215",".267",".319",".260",".217","64","0.8","-5.7","0.4","0.0","22871"
"Tomas Nido","NYM","78","249","0","21","19","0","5.2%","25.3%",".041",".306",".221",".266",".261",".238",".262","55","-5.9","-19.0","10.4","0.0","13755"
"Oneil Cruz","PIT","54","212","10","23","30","6","6.6%","38.2%",".193",".271",".198",".250",".391",".276",".282","75","-0.1","-6.4","-0.9","0.0","21711"
"Matt Duffy","LAA","45","143","0","7","5","0","6.3%","21.0%",".030",".337",".261",".308",".291",".271",".285","72","-0.1","-4.5","-0.1","0.0","13836"
"Jeimer Candelario","DET","101","377","11","41","37","0","6.1%","23.9%",".144",".235",".199",".260",".343",".267",".290","73","-0.7","-12.2","0.2","0.0","13621"
"Jose Herrera","ARI","47","124","0","9","5","0","7.3%","27.4%",".018",".273",".189",".250",".207",".213",".186","31","0.6","-9.5","5.1","0.0","17040"
"Miguel Andujar","NYY","19","70","0","7","5","4","2.9%","22.9%",".030",".308",".239",".257",".269",".233",".277","49","1.7","-2.3","-0.3","0.0","15878"
"Nelson Velazquez","CHC","54","146","6","16","19","4","8.2%","29.5%",".187",".259",".209",".274",".396",".293",".321","87","0.5","-1.8","-3.6","0.0","23359"
"Victor Reyes","DET","67","237","1","18","24","2","4.6%","23.2%",".094",".367",".283",".316",".377",".304",".296","99","0.5","0.2","-8.0","0.0","15487"
"Patrick Mazeika","NYM","24","72","1","4","6","0","2.8%","12.5%",".103",".207",".191",".214",".294",".223",".218","45","-0.1","-4.8","1.9","0.0","18142"
"Aramis Garcia","CIN","46","113","1","6","4","0","2.7%","30.1%",".047",".310",".217",".252",".264",".232",".247","39","-2.2","-10.3","5.9","-0.1","16925"
"Gavin Sheets","CHW","92","305","10","22","36","0","5.6%","20.0%",".165",".294",".257",".305",".423",".317",".287","107","-2.3","0.1","-10.3","-0.1","19901"
"Chad Pinder","OAK","87","319","10","31","38","2","3.4%","30.4%",".151",".312",".237",".262",".388",".281",".285","88","-0.5","-4.8","-5.8","-0.1","15191"
"J.J. Matijevic","HOU","27","59","2","7","4","1","3.4%","32.2%",".145",".265",".200",".254",".345",".266",".282","72","0.3","-1.6","-1.0","-0.1","20165"
"Yermin Mercedes","SFG","30","80","1","9","8","0","11.3%","21.3%",".114",".308",".243",".338",".357",".313",".327","102","0.0","0.2","-3.8","-0.1","17423"
"Yadier Molina","STL","59","199","2","12","12","1","2.0%","16.1%",".057",".238",".206",".226",".263",".217",".243","39","-3.8","-18.1","10.4","-0.1","7007"
"LaMonte Wade Jr.","SFG","50","153","8","15","22","0","11.1%","20.9%",".231",".154",".169",".278",".400",".299",".335","92","0.8","-0.6","-5.5","-0.1","18126"
"Nick Senzel","CIN","91","350","4","39","22","6","6.6%","19.1%",".074",".300",".245",".307",".319",".282",".300","72","0.1","-11.3","-1.6","-0.1","19293"
"Dominic Smith","NYM","58","152","0","11","17","0","7.9%","24.3%",".090",".263",".194",".276",".284",".254",".293","66","1.7","-4.4","-1.8","-0.1","15653"
"Nick Allen","OAK","67","212","3","19","11","1","6.6%","18.9%",".087",".242",".204",".261",".291",".248",".245","64","-0.5","-9.0","1.3","-0.1","22277"
"Kevin Smith","OAK","47","151","2","9","13","4","4.6%","27.8%",".122",".237",".180",".216",".302",".226",".239","49","-0.6","-9.3","3.5","-0.1","20242"
"Austin Wynns","SFG","44","115","1","9","13","0","7.8%","20.9%",".068",".278",".223",".289",".291",".263",".262","68","-1.2","-5.5","0.5","-0.1","15271"
"Yairo Munoz","PHI","25","57","3","6","7","1","5.3%","17.5%",".204",".195",".204",".246",".407",".283",".271","78","0.4","-1.1","-2.0","-0.1","16313"
"Travis Jankowski","- - -","44","64","0","11","2","3","12.5%","15.6%",".000",".200",".164",".281",".164",".222",".259","44","0.6","-3.6","0.1","-0.1","13768"
"Andy Ibanez","TEX","40","128","1","13","9","3","7.0%","16.4%",".059",".258",".218",".273",".277",".249",".272","60","1.3","-4.5","-0.9","-0.1","18819"
"Jesus Aguilar","MIA","113","456","15","37","49","1","5.9%","23.2%",".152",".278",".236",".286",".388",".294",".302","90","-2.6","-8.1","-8.8","-0.1","11342"
"Sergio Alcantara","- - -","70","159","3","19","17","0","5.0%","22.6%",".110",".248",".207",".248",".317",".248",".245","56","0.2","-8.1","1.3","-0.1","16417"
"Magneuris Sierra","LAA","29","77","0","5","4","4","3.9%","20.8%",".096",".246",".192",".224",".288",".224",".224","39","-0.1","-5.3","1.5","-0.1","17023"
"Alfonso Rivas","CHC","72","203","3","19","24","3","9.9%","31.5%",".084",".342",".235",".315",".318",".285",".273","81","1.1","-3.5","-4.9","-0.2","21560"
"Willie Calhoun","TEX","18","53","1","7","2","0","15.1%","11.3%",".136",".135",".136",".283",".273",".262",".337","69","-0.2","-2.1","-1.1","-0.2","17838"
"Sheldon Neuse","OAK","78","271","4","22","24","6","6.6%","26.6%",".080",".291",".219",".277",".299",".259",".256","72","1.7","-6.7","-3.3","-0.2","19635"
"Michael Chavis","PIT","106","342","13","31","40","1","3.8%","29.2%",".173",".308",".244",".275",".417",".297",".266","89","0.2","-4.3","-8.9","-0.2","17321"
"P.J. Higgins","CHC","53","152","6","17","20","0","7.9%","27.0%",".190",".278",".226",".293",".416",".310",".249","98","-0.6","-0.9","-5.8","-0.2","18433"
"Bobby Dalbec","BOS","109","334","11","37","36","3","8.7%","32.6%",".154",".280",".208",".281",".362",".284",".297","79","1.8","-6.1","-6.0","-0.2","19966"
"Diego Castillo","PIT","84","257","10","24","25","1","5.1%","27.2%",".167",".235",".201",".245",".368",".265",".287","67","-0.3","-10.3","-0.3","-0.2","19906"
"Mickey Moniak","- - -","23","65","2","8","5","0","4.6%","36.9%",".117",".235",".167",".219",".283",".225",".178","41","0.8","-3.9","-0.2","-0.2","19956"
"Bradley Zimmer","- - -","86","103","2","15","3","2","4.9%","35.9%",".120",".189",".130",".216",".250",".215",".239","35","0.8","-6.7","1.6","-0.2","16221"
"Vimael Machin","OAK","45","149","1","13","6","0","8.1%","16.8%",".060",".255",".216",".282",".276",".253",".282","68","-0.6","-6.0","-0.6","-0.2","17684"
"Yadiel Hernandez","WSN","94","327","9","30","41","2","5.8%","22.6%",".141",".326",".269",".312",".410",".315",".310","100","-5.2","-5.1","-8.0","-0.2","19334"
"Zach McKinstry","- - -","29","77","2","9","5","3","7.8%","27.3%",".113",".208",".169",".234",".282",".232",".258","46","1.2","-3.7","-1.0","-0.2","19392"
"Kody Clemens","DET","41","102","3","9","11","1","6.9%","25.5%",".140",".167",".151",".206",".290",".218",".241","38","0.6","-6.4","1.1","-0.2","20572"
"Mike Ford","- - -","25","63","0","1","5","0","17.5%","31.7%",".020",".258",".157",".317",".176",".250",".266","63","0.0","-2.7","-1.4","-0.2","15585"
"Salvador Perez","KCR","86","356","17","36","58","0","3.9%","26.7%",".206",".267",".230",".270",".436",".303",".301","94","-2.8","-5.0","-8.3","-0.2","7304"
"Jarren Duran","BOS","57","219","3","23","17","7","6.4%","28.8%",".145",".304",".220",".283",".365",".285",".282","79","0.7","-4.3","-4.8","-0.2","24617"
"Austin Meadows","DET","36","147","0","9","11","0","10.9%","11.6%",".078",".288",".250",".347",".328",".308",".376","102","-1.2","-0.9","-6.1","-0.3","15672"
"Ryan O'Hearn","KCR","52","109","1","9","11","0","6.4%","26.6%",".081",".286",".212",".275",".293",".256",".301","61","0.3","-4.5","-1.4","-0.3","16442"
"Didi Gregorius","PHI","63","232","1","17","19","1","5.6%","15.5%",".093",".246",".210",".263",".304",".252",".275","58","2.1","-9.5","-0.9","-0.3","6012"
"Yuli Gurriel","HOU","116","464","7","46","37","8","5.4%","12.9%",".128",".268",".244",".293",".372",".292",".267","90","0.3","-4.6","-12.5","-0.3","19198"
"Garrett Hampson","COL","70","188","2","27","13","7","9.0%","25.5%",".102",".291",".217",".292",".319",".274",".263","60","1.2","-7.6","-1.4","-0.3","19262"
"Matt Vierling","PHI","87","259","5","30","20","6","7.7%","22.0%",".103",".269",".223",".286",".326",".272",".321","71","-0.3","-9.0","-2.5","-0.3","21558"
"Jarred Kelenic","SEA","40","123","4","12","12","5","7.3%","38.2%",".142",".159",".124",".187",".265",".202",".225","30","-0.2","-9.7","3.2","-0.3","22558"
"Hanser Alberto","LAD","60","128","2","12","14","0","1.6%","16.4%",".127",".282",".246",".258",".373",".273",".238","75","-1.1","-4.8","-2.3","-0.3","11902"
"Nick Pratto","KCR","35","123","4","10","12","0","10.6%","36.6%",".198",".254",".179",".270",".377",".284",".278","81","-1.1","-3.8","-2.9","-0.3","22117"
"Anthony Bemboom","BAL","22","59","1","4","1","0","10.2%","28.8%",".096",".147",".115",".207",".212",".196",".246","23","0.0","-5.1","0.5","-0.3","13854"
"Tucker Barnhart","DET","77","244","0","12","13","0","7.0%","26.2%",".031",".302",".217",".275",".248",".240",".223","53","-1.2","-14.0","3.5","-0.3","10200"
"Sandy Leon","- - -","23","61","0","3","4","0","18.0%","26.2%",".063",".219",".146",".305",".208",".253",".297","62","-1.7","-4.2","-0.6","-0.3","5273"
"Stephen Vogt","OAK","47","140","6","13","16","1","10.0%","22.1%",".157",".161",".165",".257",".322",".259",".294","72","0.0","-4.4","-3.0","-0.3","5000"
"Luis Garcia","WSN","62","245","4","18","26","2","1.6%","20.4%",".123",".346",".288",".299",".411",".306",".314","94","-2.6","-4.3","-7.1","-0.3","20391"
"Austin Romine","- - -","25","69","1","6","5","0","2.9%","33.3%",".091",".262",".182",".206",".273",".211",".176","29","-0.1","-5.9","0.5","-0.3","5491"
"Peyton Burdick","MIA","21","76","2","5","4","1","9.2%","35.5%",".147",".231",".162",".250",".309",".252",".284","62","-0.1","-3.5","-2.2","-0.3","25459"
"Avisail Garcia","MIA","88","342","7","29","30","4","3.8%","27.8%",".090",".305",".232",".269",".322",".262",".280","68","-1.3","-14.1","-0.7","-0.3","5760"
"Josh VanMeter","PIT","65","185","3","15","12","4","10.3%","22.7%",".104",".223",".183",".265",".287",".249",".295","57","1.1","-8.3","-1.2","-0.3","15170"
"Dee Strange-Gordon","WSN","23","59","0","6","2","3","0.0%","13.6%",".051",".353",".305",".305",".356",".289",".213","82","-0.2","-1.4","-3.9","-0.3","8203"
"Richie Palacios","CLE","43","102","0","6","10","1","6.9%","17.6%",".054",".289",".237",".294",".290",".264",".274","69","0.5","-3.0","-3.4","-0.3","24589"
"Andrelton Simmons","CHC","35","85","0","8","7","4","8.2%","15.3%",".013",".210",".173",".244",".187",".204",".200","26","0.1","-7.2","1.0","-0.3","10847"
"Abraham Toro","SEA","84","285","8","30","26","1","7.0%","16.5%",".142",".187",".180",".239",".322",".246",".291","62","-1.1","-13.3","1.0","-0.4","19844"
"Kyle Lewis","SEA","18","62","3","6","5","0","8.1%","30.6%",".161",".147",".143",".226",".304",".239",".300","57","-0.9","-3.9","-1.5","-0.4","19508"
"Alcides Escobar","WSN","42","131","0","12","8","1","3.8%","24.4%",".065",".293",".218",".260",".282",".242",".233","51","0.9","-6.7","-1.4","-0.4","6310"
"Robbie Grossman","- - -","102","385","4","32","33","4","11.7%","27.8%",".088",".296",".211",".314",".299",".282",".287","82","-1.0","-8.9","-7.0","-0.4","5254"
"Raimel Tapia","TOR","99","329","5","32","38","5","3.0%","18.5%",".109",".310",".262",".284",".371",".286",".287","85","0.3","-5.1","-8.9","-0.4","14350"
"Taylor Walls","TBR","112","376","6","40","25","7","10.9%","25.5%",".112",".226",".176",".269",".288",".254",".270","68","0.2","-13.3","-2.2","-0.4","22458"
"Steven Duggar","- - -","29","80","0","7","4","5","8.8%","51.3%",".069",".344",".153",".225",".222",".205",".216","28","1.0","-5.6","-0.9","-0.4","17719"
"Guillermo Heredia","ATL","54","75","3","10","6","0","8.0%","41.3%",".188",".171",".130",".200",".319",".228",".220","40","0.2","-5.1","-1.4","-0.4","18721"
"Hoy Park","PIT","22","59","2","7","6","1","6.8%","25.4%",".160",".257",".220",".281",".380",".287",".271","82","0.9","-0.4","-5.6","-0.4","18027"
"Jason Heyward","CHC","48","151","1","15","10","1","7.3%","21.2%",".073",".260",".204",".278",".277",".254",".278","60","-0.1","-7.2","-2.1","-0.4","4940"
"CJ Abrams","- - -","57","181","2","16","14","2","2.2%","21.0%",".066",".258",".211",".257",".277",".240",".249","54","-0.1","-9.9","-0.5","-0.4","25768"
"Yasmani Grandal","CHW","74","290","3","9","21","1","12.4%","21.0%",".056",".255",".203",".307",".259",".264",".295","69","-5.2","-15.4","1.9","-0.5","11368"
"Kole Calhoun","TEX","100","361","11","35","43","2","6.1%","30.2%",".148",".271",".208",".266",".355",".274",".303","77","-1.1","-10.3","-5.4","-0.5","11200"
"Justin Upton","SEA","17","57","1","2","3","0","10.5%","40.4%",".083",".208",".125",".263",".208",".231",".249","51","-1.8","-4.9","-1.4","-0.5","5222"
"Jack Mayfield","LAA","23","74","1","8","6","1","4.1%","23.0%",".086",".231",".186",".230",".271",".224",".221","39","-0.5","-5.5","-1.4","-0.5","15402"
"Oscar Mercado","- - -","55","128","4","17","16","2","3.9%","22.7%",".165",".236",".207",".242",".372",".266",".258","71","0.0","-4.2","-4.5","-0.5","16375"
"Lewin Diaz","MIA","28","92","1","7","4","1","8.7%","26.1%",".073",".207",".159",".239",".232",".218",".260","39","-0.3","-6.9","-1.0","-0.5","18365"
"Nick Castellanos","PHI","126","525","13","53","61","7","5.1%","23.2%",".134",".331",".268",".309",".402",".311",".305","97","-2.7","-4.3","-18.4","-0.5","11737"
"Tyler Nevin","BAL","56","179","2","17","16","0","10.6%","25.7%",".065",".259",".196",".296",".261",".259",".291","67","-1.2","-7.7","-2.7","-0.5","17893"
"Ernie Clement","CLE","59","158","0","16","6","0","7.0%","15.2%",".021",".242",".203",".268",".224",".228",".281","44","-0.5","-10.4","0.6","-0.5","20352"
"Stephen Piscotty","OAK","42","139","5","12","14","2","6.5%","34.5%",".151",".253",".190",".252",".341",".258",".275","71","-0.6","-5.0","-4.2","-0.5","13367"
"Mike Moustakas","CIN","78","285","7","30","25","2","8.4%","26.3%",".131",".272",".214",".295",".345",".286",".270","75","-0.7","-9.1","-5.5","-0.5","4892"
"Akil Baddoo","DET","46","137","1","14","5","4","8.8%","29.9%",".032",".277",".192",".263",".224",".227",".212","44","0.8","-7.8","-1.4","-0.5","22168"
"Willians Astudillo","MIA","21","55","1","5","4","1","1.8%","5.5%",".056",".240",".241",".255",".296",".243",".265","56","-0.4","-3.2","-3.7","-0.5","15608"
"Cooper Hummel","ARI","54","162","2","15","13","4","12.3%","31.5%",".121",".250",".170",".278",".291",".260",".286","63","0.3","-6.9","-3.7","-0.5","19458"
"Bligh Madris","PIT","38","119","1","10","6","2","8.4%","26.1%",".083",".234",".174",".244",".257",".228",".254","42","0.5","-7.6","-1.5","-0.5","20054"
"Jackie Bradley Jr.","- - -","106","315","3","25","33","2","6.0%","20.0%",".109",".254",".207",".256",".316",".253",".270","57","-0.6","-15.7","0.8","-0.5","12984"
"Vidal Brujan","TBR","46","152","2","11","15","4","7.9%","23.7%",".080",".206",".167",".230",".246",".216",".235","41","-1.0","-11.0","1.2","-0.5","20536"
"Travis Demeritte","ATL","26","96","3","9","6","0","6.3%","33.3%",".124",".291",".213",".260",".337",".263",".264","63","-1.4","-5.5","-2.9","-0.5","15958"
"Juan Lagares","LAA","20","62","0","4","0","0","3.2%","24.2%",".067",".244",".183",".210",".250",".203",".242","24","0.0","-5.3","-1.9","-0.6","5384"
"Michael Perez","- - -","45","132","6","10","14","1","7.6%","24.2%",".149",".145",".149",".214",".298",".229",".276","43","-0.6","-9.4","-0.4","-0.6","12977"
"Tyler Wade","LAA","67","163","1","22","8","8","6.1%","20.2%",".054",".274",".218",".272",".272",".247",".248","55","-0.1","-8.3","-2.2","-0.6","15730"
"Alex Kirilloff","MIN","45","156","3","14","21","0","3.2%","23.1%",".111",".308",".250",".290",".361",".286",".282","87","-2.0","-4.2","-6.0","-0.6","20325"
"David MacKinnon","- - -","22","57","0","2","6","0","10.5%","29.8%",".000",".206",".140",".228",".140",".181",".260","11","-0.1","-5.7","-1.4","-0.6","19625"
"Ehire Adrianza","- - -","35","101","0","7","7","1","8.9%","23.8%",".033",".239",".178",".257",".211",".220",".270","36","0.5","-7.1","-1.7","-0.6","8418"
"Sam Hilliard","COL","69","196","2","26","14","4","11.2%","28.6%",".082",".252",".181",".276",".263",".248",".303","43","1.7","-11.5","-0.6","-0.6","17954"
"Tommy La Stella","SFG","55","177","2","16","14","0","5.1%","16.4%",".122",".287",".250",".288",".372",".287",".276","85","-0.8","-4.0","-7.6","-0.6","12371"
"Kevin Plawecki","BOS","56","158","1","11","11","0","7.6%","17.7%",".063",".246",".204",".274",".268",".247",".264","53","-1.8","-10.2","-0.3","-0.6","13807"
"Charlie Culberson","TEX","65","115","1","18","11","2","4.3%","25.2%",".085",".355",".264",".297",".349",".285",".257","85","-1.3","-3.2","-6.0","-0.6","3298"
"Jared Walsh","LAA","118","454","15","41","44","2","5.9%","30.4%",".158",".281",".215",".269",".374",".278",".280","78","-0.8","-12.1","-7.7","-0.6","18607"
"Jason Castro","HOU","34","88","1","6","3","1","9.1%","45.5%",".064",".211",".115",".205",".179",".183",".239","13","0.3","-8.2","-0.2","-0.6","8722"
"Jose Rojas","LAA","22","57","0","1","1","0","0.0%","33.3%",".036",".189",".125",".140",".161",".135",".182","-24","-0.2","-8.2","0.5","-0.6","19331"
"Jacob Stallings","MIA","95","310","3","23","29","0","7.1%","21.9%",".071",".283",".223",".288",".294",".264",".264","70","-4.4","-15.5","-1.0","-0.6","13723"
"Billy McKinney","OAK","23","57","1","3","4","0","7.0%","28.1%",".077",".111",".096",".158",".173",".144",".203","-10","-2.1","-9.1","1.4","-0.6","15654"
"Hunter Dozier","KCR","104","415","10","39","36","2","7.5%","23.6%",".153",".297",".239",".301",".392",".305",".304","95","-7.6","-9.7","-9.3","-0.6","15117"
"Chris Owings","BAL","27","68","0","6","0","1","14.7%","35.3%",".036",".188",".107",".254",".143",".204",".238","28","-0.8","-6.2","-2.0","-0.6","10030"
"Lorenzo Cain","MIL","43","156","1","17","9","2","5.1%","23.1%",".055",".229",".179",".231",".234",".212",".230","31","-0.4","-13.1","1.6","-0.6","9077"
"Luis Torrens","SEA","46","141","1","9","10","0","5.7%","31.9%",".038",".314",".214",".262",".252",".234",".264","53","-1.6","-9.0","-1.7","-0.7","15905"
"Donovan Walton","- - -","25","78","1","9","8","0","1.3%","20.5%",".145",".186",".158",".179",".303",".208",".228","31","-0.5","-6.8","-2.2","-0.7","19314"
"Nelson Cruz","WSN","113","462","10","46","61","4","9.7%","24.2%",".112",".297",".234",".313",".346",".295",".320","87","-2.9","-10.2","-12.1","-0.7","2434"
"Frank Schwindel","CHC","75","292","8","23","36","0","6.5%","19.9%",".129",".261",".229",".277",".358",".278",".279","77","-2.4","-10.5","-6.2","-0.7","15351"
"Riley Adams","WSN","28","91","3","8","5","0","9.9%","30.8%",".123",".240",".185",".275",".309",".265",".297","67","-1.1","-4.7","-5.3","-0.7","19864"
"Phil Gosselin","- - -","34","77","0","6","2","0","2.6%","31.2%",".027",".220",".149",".182",".176",".163",".207","-5","-1.6","-10.7","1.3","-0.7","10953"
"Jose Barrero","CIN","22","80","2","5","7","1","2.5%","48.8%",".090",".297",".167",".188",".256",".195",".147","14","0.3","-7.9","-1.8","-0.7","23378"
"Kurt Suzuki","LAA","47","148","3","9","13","0","10.1%","19.6%",".100",".200",".177",".264",".277",".247",".259","55","-1.0","-8.5","-3.4","-0.8","8259"
"Elias Diaz","COL","80","294","7","19","39","0","7.5%","19.7%",".153",".268",".231",".293",".384",".297",".285","75","-4.0","-12.6","-4.8","-0.8","11680"
"Michael Papierski","- - -","39","103","1","7","4","0","9.7%","25.2%",".044",".188",".143",".228",".187",".198",".217","16","-0.9","-11.0","0.0","-0.8","21386"
"Cole Tucker","PIT","18","63","0","3","2","1","0.0%","39.7%",".048",".289",".175",".175",".222",".172",".198","4","0.5","-6.6","-3.1","-0.8","17326"
"Calvin Mitchell","PIT","44","146","4","12","13","1","4.8%","24.7%",".131",".245",".204",".241",".336",".253",".265","59","0.6","-6.5","-6.3","-0.8","22169"
"Maikel Franco","WSN","103","388","9","31","39","1","3.1%","19.3%",".113",".262",".229",".255",".342",".261",".272","64","-3.7","-20.3","-1.0","-0.8","12179"
"Franmil Reyes","- - -","88","354","11","29","36","2","4.5%","35.0%",".150",".317",".225",".260",".374",".275",".274","76","-1.0","-10.3","-9.3","-0.9","14566"
"Joey Votto","CIN","91","376","11","31","41","0","11.7%","25.8%",".165",".257",".205",".319",".370",".310",".322","91","-4.1","-8.0","-13.1","-0.9","4314"
"Miguel Sano","MIN","20","71","1","1","3","1","12.7%","35.2%",".050",".114",".083",".211",".133",".177",".303","10","-0.8","-7.9","-2.8","-0.9","12164"
"Cristian Pache","OAK","68","214","2","15","13","1","5.1%","26.2%",".065",".210",".159",".203",".224",".193",".256","25","-0.5","-18.5","3.1","-0.9","19948"
"Spencer Torkelson","DET","83","298","5","25","21","0","9.7%","25.5%",".098",".254",".197",".282",".295",".263",".291","70","-2.9","-13.0","-5.2","-0.9","27465"
"Leury Garcia","CHW","84","292","3","35","19","1","2.4%","20.2%",".061",".252",".209",".234",".271",".224",".260","41","1.6","-17.9","-0.3","-0.9","5913"
"Seth Beer","ARI","38","126","1","4","9","0","8.7%","24.6%",".054",".250",".189",".278",".243",".240",".276","49","-2.0","-9.6","-3.8","-1.0","20493"
"Jed Lowrie","OAK","50","184","3","14","16","1","8.2%","21.2%",".084",".213",".180",".245",".263",".230",".247","51","-0.7","-10.6","-4.5","-1.0","4418"
"Brad Miller","TEX","79","236","7","20","32","4","7.6%","28.4%",".111",".271",".212",".271",".323",".265",".272","71","-1.3","-9.0","-9.0","-1.1","12775"
"Miguel Cabrera","DET","99","383","4","23","37","1","6.5%","24.0%",".060",".332",".257",".308",".317",".277",".280","80","-3.6","-12.3","-10.4","-1.1","1744"
"Marcell Ozuna","ATL","108","450","20","50","46","2","6.0%","24.2%",".177",".236",".213",".262",".391",".284",".332","78","-2.3","-14.2","-12.0","-1.1","10324"
"Bryan De La Cruz","MIA","90","261","7","22","21","3","5.4%","26.8%",".127",".254",".205",".249",".332",".256",".316","64","-2.1","-13.2","-6.6","-1.1","19600"
"Robinson Chirinos","BAL","56","185","3","8","19","1","8.6%","30.8%",".104",".250",".178",".266",".282",".251",".245","61","-0.6","-8.6","-8.7","-1.2","3142"
"Eddie Rosario","ATL","56","191","4","18","18","3","7.3%","26.7%",".120",".230",".183",".241",".303",".241",".241","49","0.5","-11.1","-7.2","-1.2","12155"
"Yoshi Tsutsugo","PIT","50","193","2","11","19","0","9.8%","25.9%",".059",".221",".171",".249",".229",".221",".255","37","-0.6","-14.8","-4.3","-1.3","27459"
"Jonathan Villar","- - -","59","220","3","25","18","7","6.8%","26.8%",".094",".275",".208",".260",".302",".250",".247","57","2.1","-8.8","-11.4","-1.3","10071"
"Robinson Cano","- - -","33","104","1","5","4","0","3.8%","24.0%",".040",".189",".150",".183",".190",".169",".238","6","-1.8","-13.3","-3.6","-1.4","3269"
